	instance ke-0	instance ke-1	instance ke-2	instance ke-3	instance ke-4	instance ke-5	instance ke-6	instance ke-7	instance ke-8	instance ke-9	instance ke-10	instance ke-11	instance ke-12	instance ke-13	instance ke-14	instance ke-15	instance ke-16	instance ke-17	instance ke-18	instance ke-19	instance ke-20	instance ke-21	instance ke-22	instance ke-23	instance ke-24	instance ke-25	instance ke-26	instance ke-27	instance ke-28	instance ke-29	instance ke-30	instance ke-31	instance ke-32	instance ke-33	instance ke-34	instance ke-35	instance ke-36	instance ke-37	instance ke-38	instance ke-39	instance ke-40	instance ke-41	instance ke-42	instance ke-43	instance ke-44	instance ke-45	instance ke-46	instance ke-47	instance ke-48	instance ke-49	instance ke-50	instance ke-51	instance ke-52	instance ke-53	instance ke-54	instance ke-55	instance ke-56	instance ke-57	instance ke-58	instance ke-59	instance ke-60	instance ke-61	instance ke-62	instance ke-63	instance ke-64	instance ke-65	instance ke-66	instance ke-67	instance ke-68	instance ke-69	instance ke-70	instance ke-71	instance ke-72	instance ke-73	instance ke-74	instance ke-75	instance ke-76	instance ke-77	instance ke-78	instance ke-79	instance ke-80	instance ke-81	instance ke-82	instance ke-83	instance ke-84	instance ke-85	instance ke-86	instance ke-87	instance ke-88	instance ke-89	instance ke-90	instance ke-91	instance ke-92	instance ke-93	instance ke-94	instance ke-95	instance ke-96	instance ke-97	instance ke-98	instance ke-99	instance ke-100	instance ke-101	instance ke-102	instance ke-103	instance ke-104	instance ke-105	instance ke-106	instance ke-107	instance ke-108	instance ke-109	instance ke-110	instance ke-111	instance ke-112	instance ke-113	instance ke-114	instance ke-115	instance ke-116	instance ke-117	instance ke-118	instance ke-119	instance ke-120	instance ke-121	instance ke-122	instance ke-123	instance ke-124	instance ke-125	instance ke-126	instance ke-127	instance ke-128	instance ke-129	instance ke-130	instance ke-131	instance ke-132	instance ke-133	instance ke-134	instance ke-135	instance ke-136	instance ke-137	instance ke-138	instance ke-139	instance ke-140	instance ke-141	instance ke-142	instance ke-143	instance ke-144	instance ke-145	instance ke-146	instance ke-147	instance ke-148	instance ke-149
0	0	1	2	3	4	5	6	7	8	9	10	11	12	13	14	15	16	17	18	19	20	21	22	23	24	25	26	27	28	29	30	31	32	33	34	35	36	37	38	39	40	41	42	43	44	45	46	47	48	49	50	51	52	53	54	55	56	57	58	59	60	61	62	63	64	65	66	67	68	69	70	71	72	73	74	75	76	77	78	79	80	81	82	83	84	85	86	87	88	89	90	91	92	93	94	95	96	97	98	99	100	101	102	103	104	105	106	107	108	109	110	111	112	113	114	115	116	117	118	119	120	121	122	123	124	125	126	127	128	129	130	131	132	133	134	135	136	137	138	139	140	141	142	143	144	145	146	147	148	149
1	0	1	2	3	4	5	6	7,39	8	9	10	11	12	13	14	15	16	17	18	19	20	21	22	23	24	25	26	27	28	29	30	31	32	33	34	35	36	37	38		40	41	42	43	44	45	46	47	48	49	50	51	52	53	54	55	56	57	58	59	60	61	62	63	64	65	66	67	68	69	70	71	72	73	74	75	76	77	78	79	80	81	82	83	84	85	86	87	88	89	90	91	92	93	94	95	96	97	98	99	100	101	102	103	104	105	106	107	108	109	110	111	112	113	114	115	116	117	118	119	120	121	122	123	124	125	126	127	128	129	130	131	132	133	134	135	136	137	138	139	140	141	142	143	144	145	146	147	148	149
2	0,17	1	2	3	4	5	6	7,39	8	9	10	11	12	13	14	15	16		18	19	20	21	22	23	24	25	26	27	28	29	30	31	32	33	34	35	36	37	38		40	41	42	43	44	45	46	47	48	49	50	51	52	53	54	55	56	57	58	59	60	61	62	63	64	65	66	67	68	69	70	71	72	73	74	75	76	77	78	79	80	81	82	83	84	85	86	87	88	89	90	91	92	93	94	95	96	97	98	99	100	101	102	103	104	105	106	107	108	109	110	111	112	113	114	115	116	117	118	119	120	121	122	123	124	125	126	127	128	129	130	131	132	133	134	135	136	137	138	139	140	141	142	143	144	145	146	147	148	149
3	0,17	1	2	3	4	5	6	7,39	8	9,34	10	11	12	13	14	15	16		18	19	20	21	22	23	24	25	26	27	28	29	30	31	32	33		35	36	37	38		40	41	42	43	44	45	46	47	48	49	50	51	52	53	54	55	56	57	58	59	60	61	62	63	64	65	66	67	68	69	70	71	72	73	74	75	76	77	78	79	80	81	82	83	84	85	86	87	88	89	90	91	92	93	94	95	96	97	98	99	100	101	102	103	104	105	106	107	108	109	110	111	112	113	114	115	116	117	118	119	120	121	122	123	124	125	126	127	128	129	130	131	132	133	134	135	136	137	138	139	140	141	142	143	144	145	146	147	148	149
4	0,17	1	2	3	4	5	6	7,39	8	9,34	10	11	12	13	14	15	16		18	19	20	21	22	23	24	25	26	27	28	29	30	31	32	33		35	36	37	38		40	41	42	43	44	45	46	47	48	49	50	51	52	53	54	55	56	57	58	59	60	61	62	63	64	65	66	67	68	69	70	71	72	73	74	75	76	77	78	79	80	81	82	83	84	85	86	87	88	89	90	91	92	93	94	95	96	97	98	99	100	101	102	103	104	105	106	107	108	109	110	111	112	113	114	115	116	117	118	119	120	121	122	123	124	125	126	127	128,132	129	130	131		133	134	135	136	137	138	139	140	141	142	143	144	145	146	147	148	149
5	0,17	1	2	3	4	5	6	7,39	8	9,34	10,48	11	12	13	14	15	16		18	19	20	21	22	23	24	25	26	27	28	29	30	31	32	33		35	36	37	38		40	41	42	43	44	45	46	47		49	50	51	52	53	54	55	56	57	58	59	60	61	62	63	64	65	66	67	68	69	70	71	72	73	74	75	76	77	78	79	80	81	82	83	84	85	86	87	88	89	90	91	92	93	94	95	96	97	98	99	100	101	102	103	104	105	106	107	108	109	110	111	112	113	114	115	116	117	118	119	120	121	122	123	124	125	126	127	128,132	129	130	131		133	134	135	136	137	138	139	140	141	142	143	144	145	146	147	148	149
6	0,17	1	2	3	4,37	5	6	7,39	8	9,34	10,48	11	12	13	14	15	16		18	19	20	21	22	23	24	25	26	27	28	29	30	31	32	33		35	36		38		40	41	42	43	44	45	46	47		49	50	51	52	53	54	55	56	57	58	59	60	61	62	63	64	65	66	67	68	69	70	71	72	73	74	75	76	77	78	79	80	81	82	83	84	85	86	87	88	89	90	91	92	93	94	95	96	97	98	99	100	101	102	103	104	105	106	107	108	109	110	111	112	113	114	115	116	117	118	119	120	121	122	123	124	125	126	127	128,132	129	130	131		133	134	135	136	137	138	139	140	141	142	143	144	145	146	147	148	149
7	0,17	1	2	3	4,37	5	6	7,39	8	9,34	10,48	11	12	13	14	15	16		18	19,21	20		22	23	24	25	26	27	28	29	30	31	32	33		35	36		38		40	41	42	43	44	45	46	47		49	50	51	52	53	54	55	56	57	58	59	60	61	62	63	64	65	66	67	68	69	70	71	72	73	74	75	76	77	78	79	80	81	82	83	84	85	86	87	88	89	90	91	92	93	94	95	96	97	98	99	100	101	102	103	104	105	106	107	108	109	110	111	112	113	114	115	116	117	118	119	120	121	122	123	124	125	126	127	128,132	129	130	131		133	134	135	136	137	138	139	140	141	142	143	144	145	146	147	148	149
8	0,17	1	2	3	4,37	5	6	7,39	8	9,34	10,48	11	12	13	14	15	16		18	19,21	20		22	23	24	25	26	27	28	29,30		31	32	33		35	36		38		40	41	42	43	44	45	46	47		49	50	51	52	53	54	55	56	57	58	59	60	61	62	63	64	65	66	67	68	69	70	71	72	73	74	75	76	77	78	79	80	81	82	83	84	85	86	87	88	89	90	91	92	93	94	95	96	97	98	99	100	101	102	103	104	105	106	107	108	109	110	111	112	113	114	115	116	117	118	119	120	121	122	123	124	125	126	127	128,132	129	130	131		133	134	135	136	137	138	139	140	141	142	143	144	145	146	147	148	149
9	0,17	1	2	3	4,37	5	6	7,39	8	9,34	10,48	11	12	13	14	15	16		18	19,21	20		22	23	24	25	26	27	28	29,30		31	32	33		35	36		38		40	41	42	43	44	45	46	47		49	50	51	52	53	54	55	56	57,93	58	59	60	61	62	63	64	65	66	67	68	69	70	71	72	73	74	75	76	77	78	79	80	81	82	83	84	85	86	87	88	89	90	91	92		94	95	96	97	98	99	100	101	102	103	104	105	106	107	108	109	110	111	112	113	114	115	116	117	118	119	120	121	122	123	124	125	126	127	128,132	129	130	131		133	134	135	136	137	138	139	140	141	142	143	144	145	146	147	148	149
10	0,17	1	2	3	4,37	5	6	7,39	8	9,34	10,48	11	12	13	14	15	16		18	19,21	20		22	23	24	25	26	27	28	29,30		31	32	33		35	36		38		40	41	42	43	44	45	46	47		49	50	51	52	53	54	55	56	57,93	58	59	60	61	62	63	64	65	66	67	68	69	70	71	72	73	74	75	76	77	78	79	80,81		82	83	84	85	86	87	88	89	90	91	92		94	95	96	97	98	99	100	101	102	103	104	105	106	107	108	109	110	111	112	113	114	115	116	117	118	119	120	121	122	123	124	125	126	127	128,132	129	130	131		133	134	135	136	137	138	139	140	141	142	143	144	145	146	147	148	149
11	0,17	1	2	3	4,37	5	6	7,39	8	9,34	10,48	11	12	13	14	15	16		18	19,21	20		22	23	24	25	26	27	28	29,30		31	32	33		35	36		38		40	41	42	43	44	45	46	47		49	50	51	52	53	54	55	56	57,93	58	59	60	61	62	63	64	65	66	67	68	69	70	71	72	73	74	75	76	77	78	79	80,81		82	83	84	85	86	87	88	89	90	91	92		94	95	96	97	98	99	100	101	102	103	104	105	106	107	108	109	110	111	112	113	114	115	116,137	117	118	119	120	121	122	123	124	125	126	127	128,132	129	130	131		133	134	135	136		138	139	140	141	142	143	144	145	146	147	148	149
12	0,17	1	2	3	4,37	5	6	7,39	8,38	9,34	10,48	11	12	13	14	15	16		18	19,21	20		22	23	24	25	26	27	28	29,30		31	32	33		35	36				40	41	42	43	44	45	46	47		49	50	51	52	53	54	55	56	57,93	58	59	60	61	62	63	64	65	66	67	68	69	70	71	72	73	74	75	76	77	78	79	80,81		82	83	84	85	86	87	88	89	90	91	92		94	95	96	97	98	99	100	101	102	103	104	105	106	107	108	109	110	111	112	113	114	115	116,137	117	118	119	120	121	122	123	124	125	126	127	128,132	129	130	131		133	134	135	136		138	139	140	141	142	143	144	145	146	147	148	149
13	0,17	1	2	3,47	4,37	5	6	7,39	8,38	9,34	10,48	11	12	13	14	15	16		18	19,21	20		22	23	24	25	26	27	28	29,30		31	32	33		35	36				40	41	42	43	44	45	46			49	50	51	52	53	54	55	56	57,93	58	59	60	61	62	63	64	65	66	67	68	69	70	71	72	73	74	75	76	77	78	79	80,81		82	83	84	85	86	87	88	89	90	91	92		94	95	96	97	98	99	100	101	102	103	104	105	106	107	108	109	110	111	112	113	114	115	116,137	117	118	119	120	121	122	123	124	125	126	127	128,132	129	130	131		133	134	135	136		138	139	140	141	142	143	144	145	146	147	148	149
14	0,17	1	2	3,47	4,37	5	6	7,39	8,38	9,34	10,48	11	12	13	14	15	16		18	19,21	20		22	23	24	25	26	27,28		29,30		31	32	33		35	36				40	41	42	43	44	45	46			49	50	51	52	53	54	55	56	57,93	58	59	60	61	62	63	64	65	66	67	68	69	70	71	72	73	74	75	76	77	78	79	80,81		82	83	84	85	86	87	88	89	90	91	92		94	95	96	97	98	99	100	101	102	103	104	105	106	107	108	109	110	111	112	113	114	115	116,137	117	118	119	120	121	122	123	124	125	126	127	128,132	129	130	131		133	134	135	136		138	139	140	141	142	143	144	145	146	147	148	149
15	0,17	1	2	3,47	4,37	5	6	7,39	8,38	9,34	10,48	11	12	13	14	15	16		18	19,21	20		22	23	24	25	26	27,28		29,30		31	32	33		35	36				40	41	42	43	44	45	46			49	50	51	52	53	54	55	56	57,93	58	59	60	61	62	63	64	65	66	67	68	69	70	71	72	73	74	75	76	77	78	79	80,81		82,92	83	84	85	86	87	88	89	90	91			94	95	96	97	98	99	100	101	102	103	104	105	106	107	108	109	110	111	112	113	114	115	116,137	117	118	119	120	121	122	123	124	125	126	127	128,132	129	130	131		133	134	135	136		138	139	140	141	142	143	144	145	146	147	148	149
16	0,17	1	2	3,47	4,37	5	6	7,39	8,38	9,34	10,48	11	12	13	14	15	16		18	19,21	20		22	23	24	25	26	27,28		29,30		31	32	33		35	36				40	41	42	43	44	45	46			49	50	51	52	53	54	55	56	57,93	58	59	60	61	62	63	64	65	66	67	68	69	70	71	72	73	74	75	76	77	78	79	80,81		82,92	83	84	85	86	87	88	89	90	91			94	95,96		97	98	99	100	101	102	103	104	105	106	107	108	109	110	111	112	113	114	115	116,137	117	118	119	120	121	122	123	124	125	126	127	128,132	129	130	131		133	134	135	136		138	139	140	141	142	143	144	145	146	147	148	149
17	0,17	1	2	3,47	4,37	5	6	7,39	8,38	9,34	10,48	11	12	13	14	15	16		18	19,21	20		22	23	24	25	26	27,28		29,30		31	32	33		35	36				40	41	42	43	44	45	46			49	50	51	52	53	54	55	56	57,93	58	59	60	61	62	63	64	65	66	67	68	69	70	71	72	73	74	75	76	77	78	79	80,81		82,92	83	84	85	86	87	88	89	90	91			94	95,96		97	98	99	100	101	102	103	104	105	106	107	108	109	110	111	112	113	114	115	116,137	117	118	119	120	121	122	123	124	125	126	127,138	128,132	129	130	131		133	134	135	136			139	140	141	142	143	144	145	146	147	148	149
18	0,17	1,45	2	3,47	4,37	5	6	7,39	8,38	9,34	10,48	11	12	13	14	15	16		18	19,21	20		22	23	24	25	26	27,28		29,30		31	32	33		35	36				40	41	42	43	44		46			49	50	51	52	53	54	55	56	57,93	58	59	60	61	62	63	64	65	66	67	68	69	70	71	72	73	74	75	76	77	78	79	80,81		82,92	83	84	85	86	87	88	89	90	91			94	95,96		97	98	99	100	101	102	103	104	105	106	107	108	109	110	111	112	113	114	115	116,137	117	118	119	120	121	122	123	124	125	126	127,138	128,132	129	130	131		133	134	135	136			139	140	141	142	143	144	145	146	147	148	149
19	0,17	1,45	2	3,47	4,37	5	6	7,39	8,38	9,34	10,48	11	12	13	14	15	16		18	19,21	20		22	23	24	25	26	27,28		29,30		31	32	33		35	36				40	41	42	43	44		46			49	50	51	52	53	54	55	56	57,93	58	59	60	61	62	63,91	64	65	66	67	68	69	70	71	72	73	74	75	76	77	78	79	80,81		82,92	83	84	85	86	87	88	89	90				94	95,96		97	98	99	100	101	102	103	104	105	106	107	108	109	110	111	112	113	114	115	116,137	117	118	119	120	121	122	123	124	125	126	127,138	128,132	129	130	131		133	134	135	136			139	140	141	142	143	144	145	146	147	148	149
20	0,17	1,45	2	3,47	4,37	5	6	7,39	8,38	9,34	10,48	11	12	13	14	15	16		18	19,21	20		22	23	24	25	26	27,28		29,30		31	32	33		35	36				40	41	42	43	44		46			49	50	51	52	53	54	55	56	57,93	58	59	60	61	62	63,91	64	65,75	66	67	68	69	70	71	72	73	74		76	77	78	79	80,81		82,92	83	84	85	86	87	88	89	90				94	95,96		97	98	99	100	101	102	103	104	105	106	107	108	109	110	111	112	113	114	115	116,137	117	118	119	120	121	122	123	124	125	126	127,138	128,132	129	130	131		133	134	135	136			139	140	141	142	143	144	145	146	147	148	149
21	0,17	1,45	2	3,47	4,37	5	6	7,39	8,38	9,34	10,48	11	12	13	14	15	16		18	19,21	20		22	23	24	25	26	27,28		29,30		31	32	33		35	36				40	41	42	43	44		46			49	50	51	52	53	54	55	56	57,93	58	59	60	61	62	63,91	64	65,75	66	67	68	69	70	71	72	73	74		76	77	78	79	80,81		82,92	83	84	85	86	87	88	89	90				94	95,96		97	98	99	100	101	102	103	104	105	106	107	108	109	110	111	112	113	114	115	116,137	117	118	119	120	121	122	123,126	124	125		127,138	128,132	129	130	131		133	134	135	136			139	140	141	142	143	144	145	146	147	148	149
22	0,17	1,45	2	3,47	4,37	5	6	7,39	8,38	9,34	10,48	11	12	13	14	15	16		18	19,21	20		22	23	24	25	26	27,28		29,30		31	32	33		35	36				40	41	42	43	44		46			49	50	51	52	53	54	55	56	57,93	58	59	60	61	62	63,91	64	65,75	66	67	68	69	70	71	72	73	74		76	77	78	79	80,81		82,92	83	84	85	86	87	88	89	90				94	95,96		97	98	99	100	101	102	103	104	105	106	107	108	109	110	111	112,139	113	114	115	116,137	117	118	119	120	121	122	123,126	124	125		127,138	128,132	129	130	131		133	134	135	136				140	141	142	143	144	145	146	147	148	149
23	0,17	1,45	2	3,47	4,37	5	6	7,39	8,38	9,34	10,48	11	12	13	14	15	16		18	19,21	20		22	23	24	25	26	27,28		29,30		31	32	33		35	36				40	41	42	43	44		46			49	50	51	52	53	54	55	56	57,93	58	59	60	61	62	63,91	64	65,75	66	67	68	69	70	71	72	73	74		76	77	78	79	80,81		82,92	83	84	85	86	87	88	89	90				94,99	95,96		97	98		100	101	102	103	104	105	106	107	108	109	110	111	112,139	113	114	115	116,137	117	118	119	120	121	122	123,126	124	125		127,138	128,132	129	130	131		133	134	135	136				140	141	142	143	144	145	146	147	148	149
24	0,17	1,45	2	3,47	4,37	5	6	7,39	8,38	9,34	10,48	11	12	13	14	15	16		18	19,21	20		22	23	24	25	26	27,28		29,30		31	32	33		35	36				40	41	42	43	44		46			49	50	51	52	53	54	55	56	57,93	58	59	60	61	62	63,91	64	65,75	66,84	67	68	69	70	71	72	73	74		76	77	78	79	80,81		82,92	83		85	86	87	88	89	90				94,99	95,96		97	98		100	101	102	103	104	105	106	107	108	109	110	111	112,139	113	114	115	116,137	117	118	119	120	121	122	123,126	124	125		127,138	128,132	129	130	131		133	134	135	136				140	141	142	143	144	145	146	147	148	149
25	0,17	1,45	2	3,47	4,37	5	6	7,39	8,38	9,34	10,48	11	12	13	14	15	16		18	19,21	20		22	23,26	24	25		27,28		29,30		31	32	33		35	36				40	41	42	43	44		46			49	50	51	52	53	54	55	56	57,93	58	59	60	61	62	63,91	64	65,75	66,84	67	68	69	70	71	72	73	74		76	77	78	79	80,81		82,92	83		85	86	87	88	89	90				94,99	95,96		97	98		100	101	102	103	104	105	106	107	108	109	110	111	112,139	113	114	115	116,137	117	118	119	120	121	122	123,126	124	125		127,138	128,132	129	130	131		133	134	135	136				140	141	142	143	144	145	146	147	148	149
26	0,17	1,45	2	3,47	4,37	5	6	7,39	8,38	9,34	10,48	11	12	13	14	15	16		18	19,21	20		22	23,26	24	25		27,28		29,30		31	32	33		35	36				40	41	42	43	44		46			49	50	51	52	53,89	54	55	56	57,93	58	59	60	61	62	63,91	64	65,75	66,84	67	68	69	70	71	72	73	74		76	77	78	79	80,81		82,92	83		85	86	87	88		90				94,99	95,96		97	98		100	101	102	103	104	105	106	107	108	109	110	111	112,139	113	114	115	116,137	117	118	119	120	121	122	123,126	124	125		127,138	128,132	129	130	131		133	134	135	136				140	141	142	143	144	145	146	147	148	149
27	0,17	1,45	2	3,47	4,37	5	6	7,39	8,38	9,34	10,48	11	12	13	14	15	16		18	19,21	20		22	23,26	24	25		27,28		29,30		31	32	33		35	36				40	41	42	43	44		46			49	50	51	52	53,89	54	55	56	57,93	58	59	60	61	62	63,91	64	65,75	66,84	67	68	69	70	71	72	73	74,97		76	77	78	79	80,81		82,92	83		85	86	87	88		90				94,99	95,96			98		100	101	102	103	104	105	106	107	108	109	110	111	112,139	113	114	115	116,137	117	118	119	120	121	122	123,126	124	125		127,138	128,132	129	130	131		133	134	135	136				140	141	142	143	144	145	146	147	148	149
28	0,17	1,45	2	3,47	4,37	5	6	7,39	8,38	9,34	10,48	11	12	13	14	15	16		18	19,21	20		22	23,26	24	25		27,28		29,30		31	32	33		35,49	36				40	41	42	43	44		46				50	51	52	53,89	54	55	56	57,93	58	59	60	61	62	63,91	64	65,75	66,84	67	68	69	70	71	72	73	74,97		76	77	78	79	80,81		82,92	83		85	86	87	88		90				94,99	95,96			98		100	101	102	103	104	105	106	107	108	109	110	111	112,139	113	114	115	116,137	117	118	119	120	121	122	123,126	124	125		127,138	128,132	129	130	131		133	134	135	136				140	141	142	143	144	145	146	147	148	149
29	0,17	1,45	2	3,47	4,37	5	6	7,39	8,38	9,34	10,48	11	12	13	14	15	16		18	19,21	20		22	23,26	24	25		27,28		29,30		31	32	33		35,49	36				40	41	42	43	44		46				50	51	52	53,89	54	55	56	57,93	58	59	60	61	62	63,91	64	65,75	66,84	67	68	69	70	71	72	73	74,97		76	77	78	79	80,81		82,92	83		85	86	87	88		90				94,99	95,96			98		100	101	102	103	104	105	106	107	108	109	110,147	111	112,139	113	114	115	116,137	117	118	119	120	121	122	123,126	124	125		127,138	128,132	129	130	131		133	134	135	136				140	141	142	143	144	145	146		148	149
30	0,17	1,45	2	3,47	4,37	5	6	7,39	8,38	9,34	10,48	11	12	13	14	15	16		18	19,21	20		22	23,26	24	25		27,28		29,30		31	32	33		35,49	36				40	41	42	43	44		46				50	51	52	53,89	54	55	56	57,93	58	59	60	61	62	63,91	64	65,75	66,84	67	68	69	70	71	72	73	74,97		76	77	78	79	80,81		82,92	83		85	86	87	88		90				94,99	95,96			98		100	101	102	103	104	105	106	107	108	109	110,147	111	112,139	113	114	115	116,137	117	118	119	120,143	121	122	123,126	124	125		127,138	128,132	129	130	131		133	134	135	136				140	141	142		144	145	146		148	149
31	0,17	1,45	2	3,47	4,37	5	6	7,39	8,38	9,34	10,48	11	12	13	14	15	16		18	19,21	20		22	23,26	24	25		27,28		29,30		31	32	33		35,49	36				40	41	42	43	44		46				50	51	52	53,89	54	55	56	57,93	58	59	60	61	62	63,91	64	65,75	66,84	67	68	69	70	71	72	73	74,97		76	77	78	79	80,81		82,92	83		85	86	87	88		90				94,99	95,96			98		100	101	102	103	104	105	106	107	108	109	110,147	111	112,139	113	114	115	116,137	117	118	119	120,143	121	122	123,126	124	125		127,138	128,132	129	130	131		133	134	135	136,148				140	141	142		144	145	146			149
32	0,17	1,45	2	3,47	4,37	5	6	7,39	8,38	9,34	10,48	11	12	13	14	15	16		18	19,21	20		22	23,26	24	25		27,28		29,30		31	32	33		35,49	36				40	41	42	43	44		46				50	51	52	53,89	54,58	55	56	57,93		59	60	61	62	63,91	64	65,75	66,84	67	68	69	70	71	72	73	74,97		76	77	78	79	80,81		82,92	83		85	86	87	88		90				94,99	95,96			98		100	101	102	103	104	105	106	107	108	109	110,147	111	112,139	113	114	115	116,137	117	118	119	120,143	121	122	123,126	124	125		127,138	128,132	129	130	131		133	134	135	136,148				140	141	142		144	145	146			149
33	0,17	1,45	2	3,47	4,37	5	6	7,39	8,38	9,34	10,48	11	12	13	14	15	16		18	19,21	20		22	23,26	24	25		27,28		29,30		31	32	33		35,49	36				40	41	42	43	44		46				50	51	52	53,89	54,58	55	56	57,93		59	60	61	62	63,91	64	65,75	66,84	67	68	69	70	71	72	73	74,97		76	77	78	79	80,81		82,92	83		85	86	87	88		90				94,99	95,96			98		100	101	102	103	104	105	106	107	108	109	110,147	111	112,139	113	114	115	116,137	117	118	119	120,143	121	122	123,126	124	125		127,138	128,132	129	130	131		133	134	135	136,148				140,144	141	142			145	146			149
34	0,17	1,45	2	3,47	4,37	5	6	7,39	8,38	9,34	10,48	11	12	13	14	15	16		18	19,21	20		22	23,26	24	25		27,28		29,30		31	32	33		35,49	36				40	41	42	43	44		46				50	51	52	53,89	54,58	55	56	57,93		59	60	61	62	63,91	64	65,75	66,84	67	68	69	70	71	72	73	74,97		76	77	78	79	80,81		82,92	83		85	86	87	88		90				94,99	95,96			98		100	101	102	103	104	105	106	107	108	109	110,147	111	112,139	113	114	115	116,137	117	118	119	120,143	121	122	123,126	124	125		127,138	128,132	129	130	131		133	134	135	136,148				140,144	141,145	142				146			149
35	0,17	1,45	2	3,47	4,37	5	6	7,39	8,38	9,34	10,48	11	12	13	14	15	16		18	19,21	20		22	23,26	24	25		27,28		29,30		31	32	33		35,49	36				40	41	42	43	44		46				50	51	52	53,89	54,58	55	56	57,93		59	60	61	62	63,91	64	65,75	66,84	67	68,87	69	70	71	72	73	74,97		76	77	78	79	80,81		82,92	83		85	86		88		90				94,99	95,96			98		100	101	102	103	104	105	106	107	108	109	110,147	111	112,139	113	114	115	116,137	117	118	119	120,143	121	122	123,126	124	125		127,138	128,132	129	130	131		133	134	135	136,148				140,144	141,145	142				146			149
36	0,17	1,45	2	3,47	4,37	5	6	7,39	8,38	9,34	10,48	11	12	13	14	15	16		18	19,21	20		22	23,26	24	25		27,28		29,30		31	32	33		35,49	36				40	41	42	43	44		46				50	51	52	53,89	54,58	55	56	57,93		59	60	61	62	63,91	64	65,75	66,84	67	68,87	69	70	71	72	73	74,97		76	77	78	79	80,81		82,92	83		85	86		88		90				94,99	95,96			98		100	101,113	102	103	104	105	106	107	108	109	110,147	111	112,139		114	115	116,137	117	118	119	120,143	121	122	123,126	124	125		127,138	128,132	129	130	131		133	134	135	136,148				140,144	141,145	142				146			149
37	0,17	1,45	2,6	3,47	4,37	5		7,39	8,38	9,34	10,48	11	12	13	14	15	16		18	19,21	20		22	23,26	24	25		27,28		29,30		31	32	33		35,49	36				40	41	42	43	44		46				50	51	52	53,89	54,58	55	56	57,93		59	60	61	62	63,91	64	65,75	66,84	67	68,87	69	70	71	72	73	74,97		76	77	78	79	80,81		82,92	83		85	86		88		90				94,99	95,96			98		100	101,113	102	103	104	105	106	107	108	109	110,147	111	112,139		114	115	116,137	117	118	119	120,143	121	122	123,126	124	125		127,138	128,132	129	130	131		133	134	135	136,148				140,144	141,145	142				146			149
38	0,17	1,45	2,6	3,47	4,37	5		7,39	8,38	9,34	10,48	11	12	13	14	15	16		18	19,21	20		22	23,26	24	25		27,28		29,30		31	32	33		35,49	36				40	41	42	43	44		46				50,52	51		53,89	54,58	55	56	57,93		59	60	61	62	63,91	64	65,75	66,84	67	68,87	69	70	71	72	73	74,97		76	77	78	79	80,81		82,92	83		85	86		88		90				94,99	95,96			98		100	101,113	102	103	104	105	106	107	108	109	110,147	111	112,139		114	115	116,137	117	118	119	120,143	121	122	123,126	124	125		127,138	128,132	129	130	131		133	134	135	136,148				140,144	141,145	142				146			149
39	0,17	1,45	2,6	3,47	4,37	5		7,39	8,38	9,34	10,48	11	12	13	14	15	16		18	19,21	20		22	23,26	24	25		27,28		29,30		31	32	33		35,49	36				40	41	42	43	44		46				50,52	51,56		53,89	54,58	55		57,93		59	60	61	62	63,91	64	65,75	66,84	67	68,87	69	70	71	72	73	74,97		76	77	78	79	80,81		82,92	83		85	86		88		90				94,99	95,96			98		100	101,113	102	103	104	105	106	107	108	109	110,147	111	112,139		114	115	116,137	117	118	119	120,143	121	122	123,126	124	125		127,138	128,132	129	130	131		133	134	135	136,148				140,144	141,145	142				146			149
40	0,17	1,45	2,6	3,47	4,37	5		7,39	8,38	9,34	10,48	11	12	13	14	15	16		18	19,21	20		22	23,26	24	25		27,28		29,30		31	32	33		35,49	36				40	41	42	43	44		46				50,52	51,56		53,89	54,58	55		57,93		59	60	61	62	63,91	64	65,75	66,84	67	68,87	69	70	71	72	73	74,97		76	77	78	79	80,81		82,92	83		85	86		88		90				94,99	95,96			98		100	101,113	102	103	104	105	106	107,130	108	109	110,147	111	112,139		114	115	116,137	117	118	119	120,143	121	122	123,126	124	125		127,138	128,132	129		131		133	134	135	136,148				140,144	141,145	142				146			149
41	0,17	1,45	2,6	3,47	4,37	5		7,39	8,38	9,34	10,48	11	12	13	14	15	16		18	19,21	20		22	23,26	24	25		27,28		29,30		31	32	33		35,49	36				40	41	42	43	44		46				50,52	51,56		53,89	54,58	55		57,93		59	60	61	62	63,91	64	65,75	66,84	67	68,87	69	70	71	72	73	74,97		76	77	78	79	80,81		82,92	83		85	86		88		90				94,99	95,96			98		100	101,113	102	103	104	105,122	106	107,130	108	109	110,147	111	112,139		114	115	116,137	117	118	119	120,143	121		123,126	124	125		127,138	128,132	129		131		133	134	135	136,148				140,144	141,145	142				146			149
42	0,17	1,45	2,6	3,47	4,37	5		7,39	8,38	9,34	10,48	11	12	13	14	15	16		18	19,21	20,31		22	23,26	24	25		27,28		29,30			32	33		35,49	36				40	41	42	43	44		46				50,52	51,56		53,89	54,58	55		57,93		59	60	61	62	63,91	64	65,75	66,84	67	68,87	69	70	71	72	73	74,97		76	77	78	79	80,81		82,92	83		85	86		88		90				94,99	95,96			98		100	101,113	102	103	104	105,122	106	107,130	108	109	110,147	111	112,139		114	115	116,137	117	118	119	120,143	121		123,126	124	125		127,138	128,132	129		131		133	134	135	136,148				140,144	141,145	142				146			149
43	0,17	1,45	2,6	3,47	4,37	5		7,39	8,38	9,34	10,48	11,24	12	13	14	15	16		18	19,21	20,31		22	23,26		25		27,28		29,30			32	33		35,49	36				40	41	42	43	44		46				50,52	51,56		53,89	54,58	55		57,93		59	60	61	62	63,91	64	65,75	66,84	67	68,87	69	70	71	72	73	74,97		76	77	78	79	80,81		82,92	83		85	86		88		90				94,99	95,96			98		100	101,113	102	103	104	105,122	106	107,130	108	109	110,147	111	112,139		114	115	116,137	117	118	119	120,143	121		123,126	124	125		127,138	128,132	129		131		133	134	135	136,148				140,144	141,145	142				146			149
44	0,17	1,45	2,6	3,47	4,37	5		7,39	8,38	9,34	10,48	11,24	12,25	13	14	15	16		18	19,21	20,31		22	23,26				27,28		29,30			32	33		35,49	36				40	41	42	43	44		46				50,52	51,56		53,89	54,58	55		57,93		59	60	61	62	63,91	64	65,75	66,84	67	68,87	69	70	71	72	73	74,97		76	77	78	79	80,81		82,92	83		85	86		88		90				94,99	95,96			98		100	101,113	102	103	104	105,122	106	107,130	108	109	110,147	111	112,139		114	115	116,137	117	118	119	120,143	121		123,126	124	125		127,138	128,132	129		131		133	134	135	136,148				140,144	141,145	142				146			149
45	0,17	1,45	2,6	3,47	4,37	5		7,39	8,38	9,34	10,48	11,24	12,25	13	14	15	16		18	19,21	20,31		22	23,26				27,28		29,30			32	33		35,49	36				40	41	42	43	44		46				50,52	51,56		53,89	54,58	55		57,93		59	60	61	62	63,91	64	65,75	66,84	67	68,87	69	70	71	72	73	74,97		76	77	78	79	80,81		82,92	83		85	86		88		90				94,99	95,96			98		100	101,113	102	103	104	105,122	106	107,130	108	109	110,147	111	112,139		114	115	116,137	117	118	119	120,143	121,142		123,126	124	125		127,138	128,132	129		131		133	134	135	136,148				140,144	141,145					146			149
46	0,17	1,45	2,6	3,47	4,37	5		7,39	8,38	9,34	10,48	11,24	12,25	13	14	15	16		18	19,21	20,31		22	23,26				27,28		29,30			32	33		35,49	36				40	41	42	43	44		46				50,52	51,56		53,89	54,58	55,90		57,93		59	60	61	62	63,91	64	65,75	66,84	67	68,87	69	70	71	72	73	74,97		76	77	78	79	80,81		82,92	83		85	86		88						94,99	95,96			98		100	101,113	102	103	104	105,122	106	107,130	108	109	110,147	111	112,139		114	115	116,137	117	118	119	120,143	121,142		123,126	124	125		127,138	128,132	129		131		133	134	135	136,148				140,144	141,145					146			149
47	0,17	1,45	2,6	3,47	4,37	5		7,39	8,38	9,34	10,48	11,24	12,25	13,42	14	15	16		18	19,21	20,31		22	23,26				27,28		29,30			32	33		35,49	36				40	41		43	44		46				50,52	51,56		53,89	54,58	55,90		57,93		59	60	61	62	63,91	64	65,75	66,84	67	68,87	69	70	71	72	73	74,97		76	77	78	79	80,81		82,92	83		85	86		88						94,99	95,96			98		100	101,113	102	103	104	105,122	106	107,130	108	109	110,147	111	112,139		114	115	116,137	117	118	119	120,143	121,142		123,126	124	125		127,138	128,132	129		131		133	134	135	136,148				140,144	141,145					146			149
48	0,17	1,45	2,6	3,47	4,37	5		7,39	8,38	9,34	10,48	11,24	12,25	13,42	14	15	16		18	19,21	20,31		22	23,26				27,28		29,30			32	33		35,49	36				40	41		43	44		46				50,52	51,56		53,89	54,58	55,90		57,93		59	60	61,78	62	63,91	64	65,75	66,84	67	68,87	69	70	71	72	73	74,97		76	77		79	80,81		82,92	83		85	86		88						94,99	95,96			98		100	101,113	102	103	104	105,122	106	107,130	108	109	110,147	111	112,139		114	115	116,137	117	118	119	120,143	121,142		123,126	124	125		127,138	128,132	129		131		133	134	135	136,148				140,144	141,145					146			149
49	0,17	1,45	2,6	3,47	4,37	5		7,39	8,38	9,34	10,48	11,24	12,25	13,42	14	15	16		18	19,21	20,31		22	23,26				27,28		29,30			32	33		35,49	36				40	41		43	44		46				50,52	51,56		53,89	54,58	55,90		57,93		59	60	61,78	62	63,91	64	65,75	66,84	67	68,87	69	70	71	72	73	74,97		76	77		79	80,81		82,92	83,133		85	86		88						94,99	95,96			98		100	101,113	102	103	104	105,122	106	107,130	108	109	110,147	111	112,139		114	115	116,137	117	118	119	120,143	121,142		123,126	124	125		127,138	128,132	129		131			134	135	136,148				140,144	141,145					146			149
50	0,17	1,45	2,6	3,47	4,37	5,18		7,39	8,38	9,34	10,48	11,24	12,25	13,42	14	15	16			19,21	20,31		22	23,26				27,28		29,30			32	33		35,49	36				40	41		43	44		46				50,52	51,56		53,89	54,58	55,90		57,93		59	60	61,78	62	63,91	64	65,75	66,84	67	68,87	69	70	71	72	73	74,97		76	77		79	80,81		82,92	83,133		85	86		88						94,99	95,96			98		100	101,113	102	103	104	105,122	106	107,130	108	109	110,147	111	112,139		114	115	116,137	117	118	119	120,143	121,142		123,126	124	125		127,138	128,132	129		131			134	135	136,148				140,144	141,145					146			149
51	0,17	1,45	2,6	3,47	4,37	5,18		7,39	8,38	9,34	10,48	11,24	12,25	13,42	14	15	16			19,21	20,31		22	23,26				27,28		29,30			32,33			35,49	36				40	41		43	44		46				50,52	51,56		53,89	54,58	55,90		57,93		59	60	61,78	62	63,91	64	65,75	66,84	67	68,87	69	70	71	72	73	74,97		76	77		79	80,81		82,92	83,133		85	86		88						94,99	95,96			98		100	101,113	102	103	104	105,122	106	107,130	108	109	110,147	111	112,139		114	115	116,137	117	118	119	120,143	121,142		123,126	124	125		127,138	128,132	129		131			134	135	136,148				140,144	141,145					146			149
52	0,17	1,45	2,6	3,47	4,37	5,18		7,39	8,38	9,34	10,48	11,24	12,25	13,42	14	15	16			19,21	20,31		22	23,26				27,28		29,30			32,33			35,49	36				40	41		43	44		46				50,52	51,56		53,89	54,58	55,90		57,93		59	60	61,78	62	63,91	64	65,75	66,84	67	68,87	69	70	71	72	73	74,97		76,86	77		79	80,81		82,92	83,133		85			88						94,99	95,96			98		100	101,113	102	103	104	105,122	106	107,130	108	109	110,147	111	112,139		114	115	116,137	117	118	119	120,143	121,142		123,126	124	125		127,138	128,132	129		131			134	135	136,148				140,144	141,145					146			149
53	0,17	1,45	2,6	3,47	4,37	5,18		7,39	8,38	9,34	10,48	11,24	12,25	13,42	14	15	16			19,21	20,31		22	23,26				27,28		29,30			32,33			35,49	36				40	41		43	44		46				50,52	51,56		53,89	54,58	55,90		57,93		59	60	61,78	62	63,91	64	65,75	66,84	67	68,87	69	70	71	72	73	74,97		76,86	77		79	80,81		82,92	83,133		85			88						94,99	95,96			98		100	101,113	102	103	104	105,122	106	107,130	108	109	110,147	111	112,139		114	115	116,137	117	118	119	120,143	121,142		123,126	124	125,129		127,138	128,132			131			134	135	136,148				140,144	141,145					146			149
54	0,17	1,45	2,6	3,47	4,37	5,18		7,39	8,38	9,34	10,48	11,24	12,25	13,42	14	15	16			19,21	20,31		22	23,26				27,28		29,30			32,33			35,49	36				40	41		43	44,46						50,52	51,56		53,89	54,58	55,90		57,93		59	60	61,78	62	63,91	64	65,75	66,84	67	68,87	69	70	71	72	73	74,97		76,86	77		79	80,81		82,92	83,133		85			88						94,99	95,96			98		100	101,113	102	103	104	105,122	106	107,130	108	109	110,147	111	112,139		114	115	116,137	117	118	119	120,143	121,142		123,126	124	125,129		127,138	128,132			131			134	135	136,148				140,144	141,145					146			149
55	0,17	1,45	2,6	3,47	4,37	5,18		7,39	8,38	9,34	10,48	11,24	12,25	13,42	14	15	16			19,21	20,31		22	23,26				27,28		29,30			32,33			35,49	36				40	41		43	44,46						50,52	51,56		53,89	54,58	55,90		57,93		59	60	61,78	62	63,91	64	65,75	66,84	67	68,87	69	70,149	71	72	73	74,97		76,86	77		79	80,81		82,92	83,133		85			88						94,99	95,96			98		100	101,113	102	103	104	105,122	106	107,130	108	109	110,147	111	112,139		114	115	116,137	117	118	119	120,143	121,142		123,126	124	125,129		127,138	128,132			131			134	135	136,148				140,144	141,145					146			
56	0,17	1,45	2,6	3,47	4,37	5,18		7,39	8,38	9,34	10,48	11,24	12,25	13,42	14	15	16			19,21	20,31		22	23,26				27,28		29,30			32,33			35,49	36				40	41		43	44,46						50,52	51,56		53,89	54,58	55,90		57,93		59	60	61,78	62	63,91	64	65,75	66,84	67,69	68,87		70,149	71	72	73	74,97		76,86	77		79	80,81		82,92	83,133		85			88						94,99	95,96			98		100	101,113	102	103	104	105,122	106	107,130	108	109	110,147	111	112,139		114	115	116,137	117	118	119	120,143	121,142		123,126	124	125,129		127,138	128,132			131			134	135	136,148				140,144	141,145					146			
57	0,17	1,45	2,6	3,47	4,37	5,18		7,39	8,38	9,34	10,48	11,24	12,25	13,42	14	15	16			19,21	20,31		22	23,26				27,28		29,30			32,33			35,49	36				40	41		43	44,46						50,52	51,56		53,89	54,58	55,90		57,93		59	60	61,78	62	63,91	64	65,75	66,84	67,69	68,87		70,149	71	72	73	74,97		76,86	77		79	80,81		82,92	83,133		85			88						94,99	95,96			98		100	101,113	102	103	104	105,122	106	107,130	108	109	110,147	111,146	112,139		114	115	116,137	117	118	119	120,143	121,142		123,126	124	125,129		127,138	128,132			131			134	135	136,148				140,144	141,145								
58	0,17	1,45	2,6	3,47	4,37	5,18		7,39	8,38	9,34	10,48	11,24	12,25	13,42	14	15	16			19,21	20,31		22	23,26				27,28		29,30			32,33			35,49	36				40	41		43	44,46						50,52	51,56		53,89	54,58	55,90		57,93		59	60	61,78	62	63,91	64	65,75	66,84	67,69	68,87		70,149	71	72	73	74,97		76,86	77		79	80,81		82,92	83,133		85			88						94,99	95,96			98		100	101,113	102	103	104,124	105,122	106	107,130	108	109	110,147	111,146	112,139		114	115	116,137	117	118	119	120,143	121,142		123,126		125,129		127,138	128,132			131			134	135	136,148				140,144	141,145								
59	0,17	1,45	2,6	3,47	4,37	5,18		7,39	8,38	9,34	10,48	11,24	12,25	13,42	14	15	16			19,21	20,31		22	23,26				27,28		29,30			32,33			35,49	36				40	41		43	44,46						50,52	51,56		53,89	54,58	55,90		57,93		59	60	61,78	62	63,91	64	65,75	66,84	67,69	68,87		70,149	71	72	73	74,97		76,86	77		79	80,81		82,92	83,133		85			88						94,99	95,96			98		100	101,113	102	103	104,124	105,122	106	107,130	108	109	110,147	111,146	112,139		114	115	116,137	117,131	118	119	120,143	121,142		123,126		125,129		127,138	128,132						134	135	136,148				140,144	141,145								
60	0,17	1,45	2,6	3,47	4,37	5,18		7,39	8,38	9,34	10,48	11,24	12,25	13,42	14	15	16			19,21	20,31		22	23,26				27,28		29,30			32,33			35,49	36				40,43	41			44,46						50,52	51,56		53,89	54,58	55,90		57,93		59	60	61,78	62	63,91	64	65,75	66,84	67,69	68,87		70,149	71	72	73	74,97		76,86	77		79	80,81		82,92	83,133		85			88						94,99	95,96			98		100	101,113	102	103	104,124	105,122	106	107,130	108	109	110,147	111,146	112,139		114	115	116,137	117,131	118	119	120,143	121,142		123,126		125,129		127,138	128,132						134	135	136,148				140,144	141,145								
61	0,17	1,45	2,6	3,47	4,37	5,18		7,39	8,38	9,34	10,48	11,24	12,25	13,42	14	15	16			19,21	20,31		22	23,26				27,28		29,30			32,33			35,49	36				40,43	41			44,46						50,52	51,56		53,89	54,58	55,90		57,93		59	60	61,78	62	63,91	64	65,75	66,84	67,69	68,87		70,149	71	72,119	73	74,97		76,86	77		79	80,81		82,92	83,133		85			88						94,99	95,96			98		100	101,113	102	103	104,124	105,122	106	107,130	108	109	110,147	111,146	112,139		114	115	116,137	117,131	118		120,143	121,142		123,126		125,129		127,138	128,132						134	135	136,148				140,144	141,145								
62	0,17	1,45	2,6	3,47	4,37	5,18		7,39	8,38	9,34	10,48	11,24	12,25	13,42	14	15	16			19,21	20,31		22	23,26				27,28		29,30			32,33			35,49	36				40,43	41			44,46						50,52	51,56		53,89	54,58	55,90		57,93		59	60	61,78	62	63,91	64,79	65,75	66,84	67,69	68,87		70,149	71	72,119	73	74,97		76,86	77			80,81		82,92	83,133		85			88						94,99	95,96			98		100	101,113	102	103	104,124	105,122	106	107,130	108	109	110,147	111,146	112,139		114	115	116,137	117,131	118		120,143	121,142		123,126		125,129		127,138	128,132						134	135	136,148				140,144	141,145								
63	0,17	1,45	2,6	3,47	4,37	5,18		7,39	8,38	9,34	10,48	11,24	12,25	13,42	14	15	16,36			19,21	20,31		22	23,26				27,28		29,30			32,33			35,49					40,43	41			44,46						50,52	51,56		53,89	54,58	55,90		57,93		59	60	61,78	62	63,91	64,79	65,75	66,84	67,69	68,87		70,149	71	72,119	73	74,97		76,86	77			80,81		82,92	83,133		85			88						94,99	95,96			98		100	101,113	102	103	104,124	105,122	106	107,130	108	109	110,147	111,146	112,139		114	115	116,137	117,131	118		120,143	121,142		123,126		125,129		127,138	128,132						134	135	136,148				140,144	141,145								
64	0,17	1,45	2,6	3,47	4,37	5,18		7,39	8,38	9,34	10,48	11,24	12,25	13,42	14	15	16,36			19,21	20,31		22	23,26				27,28		29,30			32,33			35,49					40,43	41			44,46						50,52	51,56		53,89	54,58	55,90		57,93		59	60	61,78	62	63,91	64,79	65,75	66,84	67,69	68,87		70,149	71	72,119	73	74,97		76,86	77			80,81		82,92	83,133		85			88						94,99	95,96			98		100	101,113	102	103,134	104,124	105,122	106	107,130	108	109	110,147	111,146	112,139		114	115	116,137	117,131	118		120,143	121,142		123,126		125,129		127,138	128,132							135	136,148				140,144	141,145								
65	0,17	1,45	2,6	3,47	4,37	5,18		7,39	8,38	9,34	10,48	11,24	12,25	13,42	14	15	16,36			19,21	20,31		22	23,26				27,28		29,30			32,33			35,49					40,43	41			44,46						50,52	51,56		53,89	54,58	55,90		57,93		59,88	60	61,78	62	63,91	64,79	65,75	66,84	67,69	68,87		70,149	71	72,119	73	74,97		76,86	77			80,81		82,92	83,133		85									94,99	95,96			98		100	101,113	102	103,134	104,124	105,122	106	107,130	108	109	110,147	111,146	112,139		114	115	116,137	117,131	118		120,143	121,142		123,126		125,129		127,138	128,132							135	136,148				140,144	141,145								
66	0,17	1,45	2,6	3,47	4,37	5,18		7,39	8,38	9,34	10,48	11,24	12,25	13,42	14,15		16,36			19,21	20,31		22	23,26				27,28		29,30			32,33			35,49					40,43	41			44,46						50,52	51,56		53,89	54,58	55,90		57,93		59,88	60	61,78	62	63,91	64,79	65,75	66,84	67,69	68,87		70,149	71	72,119	73	74,97		76,86	77			80,81		82,92	83,133		85									94,99	95,96			98		100	101,113	102	103,134	104,124	105,122	106	107,130	108	109	110,147	111,146	112,139		114	115	116,137	117,131	118		120,143	121,142		123,126		125,129		127,138	128,132							135	136,148				140,144	141,145								
67	0,17	1,45	2,6	3,47	4,37	5,18		7,39	8,38	9,34	10,48	11,24	12,25	13,42	14,15		16,36			19,21	20,31		22	23,26				27,28		29,30			32,33			35,49					40,43	41			44,46						50,52	51,56		53,89	54,58	55,90		57,93		59,88	60	61,78	62	63,91	64,79	65,75	66,84	67,69	68,87		70,149	71	72,119	73	74,97		76,86	77			80,81		82,92	83,133		85									94,99	95,96			98		100	101,113	102,135	103,134	104,124	105,122	106	107,130	108	109	110,147	111,146	112,139		114	115	116,137	117,131	118		120,143	121,142		123,126		125,129		127,138	128,132								136,148				140,144	141,145								
68	0,17	1,45	2,6	3,47	4,37	5,18		7,39	8,38	9,34	10,48	11,24	12,25	13,42	14,15		16,36			19,21	20,31		22	23,26				27,28		29,30			32,33			35,49					40,43	41			44,46						50,52	51,56		53,89	54,58	55,90		57,93		59,88	60	61,78	62,71	63,91	64,79	65,75	66,84	67,69	68,87		70,149		72,119	73	74,97		76,86	77			80,81		82,92	83,133		85									94,99	95,96			98		100	101,113	102,135	103,134	104,124	105,122	106	107,130	108	109	110,147	111,146	112,139		114	115	116,137	117,131	118		120,143	121,142		123,126		125,129		127,138	128,132								136,148				140,144	141,145								
69	0,17	1,45	2,6	3,47	4,37	5,18		7,39	8,38	9,34	10,48	11,24	12,25	13,42	14,15		16,36			19,21	20,31		22	23,26				27,28		29,30			32,33			35,49					40,43	41			44,46						50,52	51,56		53,89	54,58	55,90		57,93		59,88	60,98	61,78	62,71	63,91	64,79	65,75	66,84	67,69	68,87		70,149		72,119	73	74,97		76,86	77			80,81		82,92	83,133		85									94,99	95,96					100	101,113	102,135	103,134	104,124	105,122	106	107,130	108	109	110,147	111,146	112,139		114	115	116,137	117,131	118		120,143	121,142		123,126		125,129		127,138	128,132								136,148				140,144	141,145								
70	0,17	1,45	2,6	3,47	4,37	5,18		7,39	8,38	9,34	10,48	11,24	12,25	13,42	14,15		16,36			19,21	20,31		22	23,26				27,28		29,30			32,33			35,49					40,43	41			44,46						50,52	51,56		53,89	54,58	55,90		57,93		59,88	60,98	61,78	62,71	63,91	64,79	65,75	66,84	67,69	68,87		70,149		72,119	73	74,97		76,86	77			80,81		82,92	83,133		85									94,99	95,96					100,115	101,113	102,135	103,134	104,124	105,122	106	107,130	108	109	110,147	111,146	112,139		114		116,137	117,131	118		120,143	121,142		123,126		125,129		127,138	128,132								136,148				140,144	141,145								
71	0,17	1,45	2,6	3,47	4,37	5,18		7,39	8,38	9,34	10,48	11,24	12,25	13,42	14,15		16,36			19,21	20,31		22	23,26				27,28		29,30			32,33			35,49					40,43	41			44,46						50,52	51,56		53,89	54,58	55,90		57,93		59,88	60,98	61,78	62,71	63,91	64,79	65,75	66,84	67,69	68,87		70,149		72,119	73,85	74,97		76,86	77			80,81		82,92	83,133											94,99	95,96					100,115	101,113	102,135	103,134	104,124	105,122	106	107,130	108	109	110,147	111,146	112,139		114		116,137	117,131	118		120,143	121,142		123,126		125,129		127,138	128,132								136,148				140,144	141,145								
72	0,17	1,45	2,6	3,47	4,37	5,18		7,39	8,38	9,34	10,48	11,24	12,25	13,42	14,15		16,36			19,21	20,31		22	23,26				27,28		29,30			32,33			35,49					40,43	41			44,46						50,52	51,56		53,89	54,58	55,90		57,93		59,88	60,98	61,78	62,71	63,91	64,79	65,75	66,84	67,69	68,87		70,149		72,119	73,85	74,97		76,86	77,108			80,81		82,92	83,133											94,99	95,96					100,115	101,113	102,135	103,134	104,124	105,122	106	107,130		109	110,147	111,146	112,139		114		116,137	117,131	118		120,143	121,142		123,126		125,129		127,138	128,132								136,148				140,144	141,145								
73	0,17	1,45	2,6	3,47	4,37	5,18		7,39	8,38	9,34	10,48	11,24	12,25	13,42	14,15		16,36			19,21	20,31		22	23,26				27,28		29,30			32,33			35,49					40,43	41			44,46						50,52	51,56		53,89	54,58	55,90		57,93		59,88	60,98	61,78	62,71	63,91	64,79	65,75	66,84	67,69	68,87		70,149		72,119	73,85	74,97		76,86	77,108			80,81		82,92	83,133											94,99	95,96					100,115	101,113	102,135	103,134	104,124	105,122	106,114	107,130		109	110,147	111,146	112,139				116,137	117,131	118		120,143	121,142		123,126		125,129		127,138	128,132								136,148				140,144	141,145								
74	0,17	1,45	2,6	3,47	4,37	5,18		7,39	8,38	9,34	10,48	11,24	12,25	13,42	14,15		16,36			19,21	20,31		22,41	23,26				27,28		29,30			32,33			35,49					40,43				44,46						50,52	51,56		53,89	54,58	55,90		57,93		59,88	60,98	61,78	62,71	63,91	64,79	65,75	66,84	67,69	68,87		70,149		72,119	73,85	74,97		76,86	77,108			80,81		82,92	83,133											94,99	95,96					100,115	101,113	102,135	103,134	104,124	105,122	106,114	107,130		109	110,147	111,146	112,139				116,137	117,131	118		120,143	121,142		123,126		125,129		127,138	128,132								136,148				140,144	141,145								
75	0,17	1,45	2,6	3,47	4,37	5,18		7,39	8,38	9,34	10,48	11,24	12,25	13,42	14,15		16,36			19,21	20,31		22,41	23,26				27,28		29,30			32,33			35,49					40,43				44,46						50,52	51,56		53,89	54,58	55,90		57,93		59,88	60,98	61,78	62,71	63,91	64,79	65,75	66,84	67,69	68,87		70,149		72,119	73,85	74,97		76,86	77,108			80,81		82,92	83,133											94,99	95,96					100,115	101,113	102,135	103,134	104,124	105,122	106,114	107,130		109,118	110,147	111,146	112,139				116,137	117,131			120,143	121,142		123,126		125,129		127,138	128,132								136,148				140,144	141,145								
76	0,17,1,45		2,6	3,47	4,37	5,18		7,39	8,38	9,34	10,48	11,24	12,25	13,42	14,15		16,36			19,21	20,31		22,41	23,26				27,28		29,30			32,33			35,49					40,43				44,46						50,52	51,56		53,89	54,58	55,90		57,93		59,88	60,98	61,78	62,71	63,91	64,79	65,75	66,84	67,69	68,87		70,149		72,119	73,85	74,97		76,86	77,108			80,81		82,92	83,133											94,99	95,96					100,115	101,113	102,135	103,134	104,124	105,122	106,114	107,130		109,118	110,147	111,146	112,139				116,137	117,131			120,143	121,142		123,126		125,129		127,138	128,132								136,148				140,144	141,145								
77	0,17,1,45,2,6			3,47	4,37	5,18		7,39	8,38	9,34	10,48	11,24	12,25	13,42	14,15		16,36			19,21	20,31		22,41	23,26				27,28		29,30			32,33			35,49					40,43				44,46						50,52	51,56		53,89	54,58	55,90		57,93		59,88	60,98	61,78	62,71	63,91	64,79	65,75	66,84	67,69	68,87		70,149		72,119	73,85	74,97		76,86	77,108			80,81		82,92	83,133											94,99	95,96					100,115	101,113	102,135	103,134	104,124	105,122	106,114	107,130		109,118	110,147	111,146	112,139				116,137	117,131			120,143	121,142		123,126		125,129		127,138	128,132								136,148				140,144	141,145								
78	0,17,1,45,2,6,3,47				4,37	5,18		7,39	8,38	9,34	10,48	11,24	12,25	13,42	14,15		16,36			19,21	20,31		22,41	23,26				27,28		29,30			32,33			35,49					40,43				44,46						50,52	51,56		53,89	54,58	55,90		57,93		59,88	60,98	61,78	62,71	63,91	64,79	65,75	66,84	67,69	68,87		70,149		72,119	73,85	74,97		76,86	77,108			80,81		82,92	83,133											94,99	95,96					100,115	101,113	102,135	103,134	104,124	105,122	106,114	107,130		109,118	110,147	111,146	112,139				116,137	117,131			120,143	121,142		123,126		125,129		127,138	128,132								136,148				140,144	141,145								
79	0,17,1,45,2,6,3,47,4,37					5,18		7,39	8,38	9,34	10,48	11,24	12,25	13,42	14,15		16,36			19,21	20,31		22,41	23,26				27,28		29,30			32,33			35,49					40,43				44,46						50,52	51,56		53,89	54,58	55,90		57,93		59,88	60,98	61,78	62,71	63,91	64,79	65,75	66,84	67,69	68,87		70,149		72,119	73,85	74,97		76,86	77,108			80,81		82,92	83,133											94,99	95,96					100,115	101,113	102,135	103,134	104,124	105,122	106,114	107,130		109,118	110,147	111,146	112,139				116,137	117,131			120,143	121,142		123,126		125,129		127,138	128,132								136,148				140,144	141,145								
80	0,17,1,45,2,6,3,47,4,37,5,18							7,39	8,38	9,34	10,48	11,24	12,25	13,42	14,15		16,36			19,21	20,31		22,41	23,26				27,28		29,30			32,33			35,49					40,43				44,46						50,52	51,56		53,89	54,58	55,90		57,93		59,88	60,98	61,78	62,71	63,91	64,79	65,75	66,84	67,69	68,87		70,149		72,119	73,85	74,97		76,86	77,108			80,81		82,92	83,133											94,99	95,96					100,115	101,113	102,135	103,134	104,124	105,122	106,114	107,130		109,118	110,147	111,146	112,139				116,137	117,131			120,143	121,142		123,126		125,129		127,138	128,132								136,148				140,144	141,145								
81	0,17,1,45,2,6,3,47,4,37,5,18,7,39								8,38	9,34	10,48	11,24	12,25	13,42	14,15		16,36			19,21	20,31		22,41	23,26				27,28		29,30			32,33			35,49					40,43				44,46						50,52	51,56		53,89	54,58	55,90		57,93		59,88	60,98	61,78	62,71	63,91	64,79	65,75	66,84	67,69	68,87		70,149		72,119	73,85	74,97		76,86	77,108			80,81		82,92	83,133											94,99	95,96					100,115	101,113	102,135	103,134	104,124	105,122	106,114	107,130		109,118	110,147	111,146	112,139				116,137	117,131			120,143	121,142		123,126		125,129		127,138	128,132								136,148				140,144	141,145								
82	0,17,1,45,2,6,3,47,4,37,5,18,7,39,8,38									9,34	10,48	11,24	12,25	13,42	14,15		16,36			19,21	20,31		22,41	23,26				27,28		29,30			32,33			35,49					40,43				44,46						50,52	51,56		53,89	54,58	55,90		57,93		59,88	60,98	61,78	62,71	63,91	64,79	65,75	66,84	67,69	68,87		70,149		72,119	73,85	74,97		76,86	77,108			80,81		82,92	83,133											94,99	95,96					100,115	101,113	102,135	103,134	104,124	105,122	106,114	107,130		109,118	110,147	111,146	112,139				116,137	117,131			120,143	121,142		123,126		125,129		127,138	128,132								136,148				140,144	141,145								
83	0,17,1,45,2,6,3,47,4,37,5,18,7,39,8,38,9,34										10,48	11,24	12,25	13,42	14,15		16,36			19,21	20,31		22,41	23,26				27,28		29,30			32,33			35,49					40,43				44,46						50,52	51,56		53,89	54,58	55,90		57,93		59,88	60,98	61,78	62,71	63,91	64,79	65,75	66,84	67,69	68,87		70,149		72,119	73,85	74,97		76,86	77,108			80,81		82,92	83,133											94,99	95,96					100,115	101,113	102,135	103,134	104,124	105,122	106,114	107,130		109,118	110,147	111,146	112,139				116,137	117,131			120,143	121,142		123,126		125,129		127,138	128,132								136,148				140,144	141,145								
84	0,17,1,45,2,6,3,47,4,37,5,18,7,39,8,38,9,34,10,48											11,24	12,25	13,42	14,15		16,36			19,21	20,31		22,41	23,26				27,28		29,30			32,33			35,49					40,43				44,46						50,52	51,56		53,89	54,58	55,90		57,93		59,88	60,98	61,78	62,71	63,91	64,79	65,75	66,84	67,69	68,87		70,149		72,119	73,85	74,97		76,86	77,108			80,81		82,92	83,133											94,99	95,96					100,115	101,113	102,135	103,134	104,124	105,122	106,114	107,130		109,118	110,147	111,146	112,139				116,137	117,131			120,143	121,142		123,126		125,129		127,138	128,132								136,148				140,144	141,145								
85	0,17,1,45,2,6,3,47,4,37,5,18,7,39,8,38,9,34,10,48,11,24												12,25	13,42	14,15		16,36			19,21	20,31		22,41	23,26				27,28		29,30			32,33			35,49					40,43				44,46						50,52	51,56		53,89	54,58	55,90		57,93		59,88	60,98	61,78	62,71	63,91	64,79	65,75	66,84	67,69	68,87		70,149		72,119	73,85	74,97		76,86	77,108			80,81		82,92	83,133											94,99	95,96					100,115	101,113	102,135	103,134	104,124	105,122	106,114	107,130		109,118	110,147	111,146	112,139				116,137	117,131			120,143	121,142		123,126		125,129		127,138	128,132								136,148				140,144	141,145								
86	0,17,1,45,2,6,3,47,4,37,5,18,7,39,8,38,9,34,10,48,11,24,12,25													13,42	14,15		16,36			19,21	20,31		22,41	23,26				27,28		29,30			32,33			35,49					40,43				44,46						50,52	51,56		53,89	54,58	55,90		57,93		59,88	60,98	61,78	62,71	63,91	64,79	65,75	66,84	67,69	68,87		70,149		72,119	73,85	74,97		76,86	77,108			80,81		82,92	83,133											94,99	95,96					100,115	101,113	102,135	103,134	104,124	105,122	106,114	107,130		109,118	110,147	111,146	112,139				116,137	117,131			120,143	121,142		123,126		125,129		127,138	128,132								136,148				140,144	141,145								
87	0,17,1,45,2,6,3,47,4,37,5,18,7,39,8,38,9,34,10,48,11,24,12,25,13,42														14,15		16,36			19,21	20,31		22,41	23,26				27,28		29,30			32,33			35,49					40,43				44,46						50,52	51,56		53,89	54,58	55,90		57,93		59,88	60,98	61,78	62,71	63,91	64,79	65,75	66,84	67,69	68,87		70,149		72,119	73,85	74,97		76,86	77,108			80,81		82,92	83,133											94,99	95,96					100,115	101,113	102,135	103,134	104,124	105,122	106,114	107,130		109,118	110,147	111,146	112,139				116,137	117,131			120,143	121,142		123,126		125,129		127,138	128,132								136,148				140,144	141,145								
88	0,17,1,45,2,6,3,47,4,37,5,18,7,39,8,38,9,34,10,48,11,24,12,25,13,42,14,15																16,36			19,21	20,31		22,41	23,26				27,28		29,30			32,33			35,49					40,43				44,46						50,52	51,56		53,89	54,58	55,90		57,93		59,88	60,98	61,78	62,71	63,91	64,79	65,75	66,84	67,69	68,87		70,149		72,119	73,85	74,97		76,86	77,108			80,81		82,92	83,133											94,99	95,96					100,115	101,113	102,135	103,134	104,124	105,122	106,114	107,130		109,118	110,147	111,146	112,139				116,137	117,131			120,143	121,142		123,126		125,129		127,138	128,132								136,148				140,144	141,145								
89	0,17,1,45,2,6,3,47,4,37,5,18,7,39,8,38,9,34,10,48,11,24,12,25,13,42,14,15,16,36																			19,21	20,31		22,41	23,26				27,28		29,30			32,33			35,49					40,43				44,46						50,52	51,56		53,89	54,58	55,90		57,93		59,88	60,98	61,78	62,71	63,91	64,79	65,75	66,84	67,69	68,87		70,149		72,119	73,85	74,97		76,86	77,108			80,81		82,92	83,133											94,99	95,96					100,115	101,113	102,135	103,134	104,124	105,122	106,114	107,130		109,118	110,147	111,146	112,139				116,137	117,131			120,143	121,142		123,126		125,129		127,138	128,132								136,148				140,144	141,145								
90	0,17,1,45,2,6,3,47,4,37,5,18,7,39,8,38,9,34,10,48,11,24,12,25,13,42,14,15,16,36,19,21																				20,31		22,41	23,26				27,28		29,30			32,33			35,49					40,43				44,46						50,52	51,56		53,89	54,58	55,90		57,93		59,88	60,98	61,78	62,71	63,91	64,79	65,75	66,84	67,69	68,87		70,149		72,119	73,85	74,97		76,86	77,108			80,81		82,92	83,133											94,99	95,96					100,115	101,113	102,135	103,134	104,124	105,122	106,114	107,130		109,118	110,147	111,146	112,139				116,137	117,131			120,143	121,142		123,126		125,129		127,138	128,132								136,148				140,144	141,145								
91	0,17,1,45,2,6,3,47,4,37,5,18,7,39,8,38,9,34,10,48,11,24,12,25,13,42,14,15,16,36,19,21,20,31																						22,41	23,26				27,28		29,30			32,33			35,49					40,43				44,46						50,52	51,56		53,89	54,58	55,90		57,93		59,88	60,98	61,78	62,71	63,91	64,79	65,75	66,84	67,69	68,87		70,149		72,119	73,85	74,97		76,86	77,108			80,81		82,92	83,133											94,99	95,96					100,115	101,113	102,135	103,134	104,124	105,122	106,114	107,130		109,118	110,147	111,146	112,139				116,137	117,131			120,143	121,142		123,126		125,129		127,138	128,132								136,148				140,144	141,145								
92	0,17,1,45,2,6,3,47,4,37,5,18,7,39,8,38,9,34,10,48,11,24,12,25,13,42,14,15,16,36,19,21,20,31,22,41																							23,26				27,28		29,30			32,33			35,49					40,43				44,46						50,52	51,56		53,89	54,58	55,90		57,93		59,88	60,98	61,78	62,71	63,91	64,79	65,75	66,84	67,69	68,87		70,149		72,119	73,85	74,97		76,86	77,108			80,81		82,92	83,133											94,99	95,96					100,115	101,113	102,135	103,134	104,124	105,122	106,114	107,130		109,118	110,147	111,146	112,139				116,137	117,131			120,143	121,142		123,126		125,129		127,138	128,132								136,148				140,144	141,145								
93	0,17,1,45,2,6,3,47,4,37,5,18,7,39,8,38,9,34,10,48,11,24,12,25,13,42,14,15,16,36,19,21,20,31,22,41,23,26																											27,28		29,30			32,33			35,49					40,43				44,46						50,52	51,56		53,89	54,58	55,90		57,93		59,88	60,98	61,78	62,71	63,91	64,79	65,75	66,84	67,69	68,87		70,149		72,119	73,85	74,97		76,86	77,108			80,81		82,92	83,133											94,99	95,96					100,115	101,113	102,135	103,134	104,124	105,122	106,114	107,130		109,118	110,147	111,146	112,139				116,137	117,131			120,143	121,142		123,126		125,129		127,138	128,132								136,148				140,144	141,145								
94	0,17,1,45,2,6,3,47,4,37,5,18,7,39,8,38,9,34,10,48,11,24,12,25,13,42,14,15,16,36,19,21,20,31,22,41,23,26,27,28																													29,30			32,33			35,49					40,43				44,46						50,52	51,56		53,89	54,58	55,90		57,93		59,88	60,98	61,78	62,71	63,91	64,79	65,75	66,84	67,69	68,87		70,149		72,119	73,85	74,97		76,86	77,108			80,81		82,92	83,133											94,99	95,96					100,115	101,113	102,135	103,134	104,124	105,122	106,114	107,130		109,118	110,147	111,146	112,139				116,137	117,131			120,143	121,142		123,126		125,129		127,138	128,132								136,148				140,144	141,145								
95	0,17,1,45,2,6,3,47,4,37,5,18,7,39,8,38,9,34,10,48,11,24,12,25,13,42,14,15,16,36,19,21,20,31,22,41,23,26,27,28,29,30																																32,33			35,49					40,43				44,46						50,52	51,56		53,89	54,58	55,90		57,93		59,88	60,98	61,78	62,71	63,91	64,79	65,75	66,84	67,69	68,87		70,149		72,119	73,85	74,97		76,86	77,108			80,81		82,92	83,133											94,99	95,96					100,115	101,113	102,135	103,134	104,124	105,122	106,114	107,130		109,118	110,147	111,146	112,139				116,137	117,131			120,143	121,142		123,126		125,129		127,138	128,132								136,148				140,144	141,145								
96	0,17,1,45,2,6,3,47,4,37,5,18,7,39,8,38,9,34,10,48,11,24,12,25,13,42,14,15,16,36,19,21,20,31,22,41,23,26,27,28,29,30,32,33																																			35,49					40,43				44,46						50,52	51,56		53,89	54,58	55,90		57,93		59,88	60,98	61,78	62,71	63,91	64,79	65,75	66,84	67,69	68,87		70,149		72,119	73,85	74,97		76,86	77,108			80,81		82,92	83,133											94,99	95,96					100,115	101,113	102,135	103,134	104,124	105,122	106,114	107,130		109,118	110,147	111,146	112,139				116,137	117,131			120,143	121,142		123,126		125,129		127,138	128,132								136,148				140,144	141,145								
97	0,17,1,45,2,6,3,47,4,37,5,18,7,39,8,38,9,34,10,48,11,24,12,25,13,42,14,15,16,36,19,21,20,31,22,41,23,26,27,28,29,30,32,33,35,49																																								40,43				44,46						50,52	51,56		53,89	54,58	55,90		57,93		59,88	60,98	61,78	62,71	63,91	64,79	65,75	66,84	67,69	68,87		70,149		72,119	73,85	74,97		76,86	77,108			80,81		82,92	83,133											94,99	95,96					100,115	101,113	102,135	103,134	104,124	105,122	106,114	107,130		109,118	110,147	111,146	112,139				116,137	117,131			120,143	121,142		123,126		125,129		127,138	128,132								136,148				140,144	141,145								
98	0,17,1,45,2,6,3,47,4,37,5,18,7,39,8,38,9,34,10,48,11,24,12,25,13,42,14,15,16,36,19,21,20,31,22,41,23,26,27,28,29,30,32,33,35,49,40,43																																												44,46						50,52	51,56		53,89	54,58	55,90		57,93		59,88	60,98	61,78	62,71	63,91	64,79	65,75	66,84	67,69	68,87		70,149		72,119	73,85	74,97		76,86	77,108			80,81		82,92	83,133											94,99	95,96					100,115	101,113	102,135	103,134	104,124	105,122	106,114	107,130		109,118	110,147	111,146	112,139				116,137	117,131			120,143	121,142		123,126		125,129		127,138	128,132								136,148				140,144	141,145								
99	0,17,1,45,2,6,3,47,4,37,5,18,7,39,8,38,9,34,10,48,11,24,12,25,13,42,14,15,16,36,19,21,20,31,22,41,23,26,27,28,29,30,32,33,35,49,40,43,44,46																																																		50,52	51,56		53,89	54,58	55,90		57,93		59,88	60,98	61,78	62,71	63,91	64,79	65,75	66,84	67,69	68,87		70,149		72,119	73,85	74,97		76,86	77,108			80,81		82,92	83,133											94,99	95,96					100,115	101,113	102,135	103,134	104,124	105,122	106,114	107,130		109,118	110,147	111,146	112,139				116,137	117,131			120,143	121,142		123,126		125,129		127,138	128,132								136,148				140,144	141,145								
100	0,17,1,45,2,6,3,47,4,37,5,18,7,39,8,38,9,34,10,48,11,24,12,25,13,42,14,15,16,36,19,21,20,31,22,41,23,26,27,28,29,30,32,33,35,49,40,43,44,46,50,52																																																			51,56		53,89	54,58	55,90		57,93		59,88	60,98	61,78	62,71	63,91	64,79	65,75	66,84	67,69	68,87		70,149		72,119	73,85	74,97		76,86	77,108			80,81		82,92	83,133											94,99	95,96					100,115	101,113	102,135	103,134	104,124	105,122	106,114	107,130		109,118	110,147	111,146	112,139				116,137	117,131			120,143	121,142		123,126		125,129		127,138	128,132								136,148				140,144	141,145								
101	0,17,1,45,2,6,3,47,4,37,5,18,7,39,8,38,9,34,10,48,11,24,12,25,13,42,14,15,16,36,19,21,20,31,22,41,23,26,27,28,29,30,32,33,35,49,40,43,44,46,50,52,51,56																																																					53,89	54,58	55,90		57,93		59,88	60,98	61,78	62,71	63,91	64,79	65,75	66,84	67,69	68,87		70,149		72,119	73,85	74,97		76,86	77,108			80,81		82,92	83,133											94,99	95,96					100,115	101,113	102,135	103,134	104,124	105,122	106,114	107,130		109,118	110,147	111,146	112,139				116,137	117,131			120,143	121,142		123,126		125,129		127,138	128,132								136,148				140,144	141,145								
102	0,17,1,45,2,6,3,47,4,37,5,18,7,39,8,38,9,34,10,48,11,24,12,25,13,42,14,15,16,36,19,21,20,31,22,41,23,26,27,28,29,30,32,33,35,49,40,43,44,46,50,52,51,56,53,89																																																						54,58	55,90		57,93		59,88	60,98	61,78	62,71	63,91	64,79	65,75	66,84	67,69	68,87		70,149		72,119	73,85	74,97		76,86	77,108			80,81		82,92	83,133											94,99	95,96					100,115	101,113	102,135	103,134	104,124	105,122	106,114	107,130		109,118	110,147	111,146	112,139				116,137	117,131			120,143	121,142		123,126		125,129		127,138	128,132								136,148				140,144	141,145								
103	0,17,1,45,2,6,3,47,4,37,5,18,7,39,8,38,9,34,10,48,11,24,12,25,13,42,14,15,16,36,19,21,20,31,22,41,23,26,27,28,29,30,32,33,35,49,40,43,44,46,50,52,51,56,53,89,54,58																																																							55,90		57,93		59,88	60,98	61,78	62,71	63,91	64,79	65,75	66,84	67,69	68,87		70,149		72,119	73,85	74,97		76,86	77,108			80,81		82,92	83,133											94,99	95,96					100,115	101,113	102,135	103,134	104,124	105,122	106,114	107,130		109,118	110,147	111,146	112,139				116,137	117,131			120,143	121,142		123,126		125,129		127,138	128,132								136,148				140,144	141,145								
104	0,17,1,45,2,6,3,47,4,37,5,18,7,39,8,38,9,34,10,48,11,24,12,25,13,42,14,15,16,36,19,21,20,31,22,41,23,26,27,28,29,30,32,33,35,49,40,43,44,46,50,52,51,56,53,89,54,58,55,90																																																									57,93		59,88	60,98	61,78	62,71	63,91	64,79	65,75	66,84	67,69	68,87		70,149		72,119	73,85	74,97		76,86	77,108			80,81		82,92	83,133											94,99	95,96					100,115	101,113	102,135	103,134	104,124	105,122	106,114	107,130		109,118	110,147	111,146	112,139				116,137	117,131			120,143	121,142		123,126		125,129		127,138	128,132								136,148				140,144	141,145								
105	0,17,1,45,2,6,3,47,4,37,5,18,7,39,8,38,9,34,10,48,11,24,12,25,13,42,14,15,16,36,19,21,20,31,22,41,23,26,27,28,29,30,32,33,35,49,40,43,44,46,50,52,51,56,53,89,54,58,55,90,57,93																																																											59,88	60,98	61,78	62,71	63,91	64,79	65,75	66,84	67,69	68,87		70,149		72,119	73,85	74,97		76,86	77,108			80,81		82,92	83,133											94,99	95,96					100,115	101,113	102,135	103,134	104,124	105,122	106,114	107,130		109,118	110,147	111,146	112,139				116,137	117,131			120,143	121,142		123,126		125,129		127,138	128,132								136,148				140,144	141,145								
106	0,17,1,45,2,6,3,47,4,37,5,18,7,39,8,38,9,34,10,48,11,24,12,25,13,42,14,15,16,36,19,21,20,31,22,41,23,26,27,28,29,30,32,33,35,49,40,43,44,46,50,52,51,56,53,89,54,58,55,90,57,93,59,88																																																												60,98	61,78	62,71	63,91	64,79	65,75	66,84	67,69	68,87		70,149		72,119	73,85	74,97		76,86	77,108			80,81		82,92	83,133											94,99	95,96					100,115	101,113	102,135	103,134	104,124	105,122	106,114	107,130		109,118	110,147	111,146	112,139				116,137	117,131			120,143	121,142		123,126		125,129		127,138	128,132								136,148				140,144	141,145								
107	0,17,1,45,2,6,3,47,4,37,5,18,7,39,8,38,9,34,10,48,11,24,12,25,13,42,14,15,16,36,19,21,20,31,22,41,23,26,27,28,29,30,32,33,35,49,40,43,44,46,50,52,51,56,53,89,54,58,55,90,57,93,59,88,60,98																																																													61,78	62,71	63,91	64,79	65,75	66,84	67,69	68,87		70,149		72,119	73,85	74,97		76,86	77,108			80,81		82,92	83,133											94,99	95,96					100,115	101,113	102,135	103,134	104,124	105,122	106,114	107,130		109,118	110,147	111,146	112,139				116,137	117,131			120,143	121,142		123,126		125,129		127,138	128,132								136,148				140,144	141,145								
108	0,17,1,45,2,6,3,47,4,37,5,18,7,39,8,38,9,34,10,48,11,24,12,25,13,42,14,15,16,36,19,21,20,31,22,41,23,26,27,28,29,30,32,33,35,49,40,43,44,46,50,52,51,56,53,89,54,58,55,90,57,93,59,88,60,98,61,78																																																														62,71	63,91	64,79	65,75	66,84	67,69	68,87		70,149		72,119	73,85	74,97		76,86	77,108			80,81		82,92	83,133											94,99	95,96					100,115	101,113	102,135	103,134	104,124	105,122	106,114	107,130		109,118	110,147	111,146	112,139				116,137	117,131			120,143	121,142		123,126		125,129		127,138	128,132								136,148				140,144	141,145								
109	0,17,1,45,2,6,3,47,4,37,5,18,7,39,8,38,9,34,10,48,11,24,12,25,13,42,14,15,16,36,19,21,20,31,22,41,23,26,27,28,29,30,32,33,35,49,40,43,44,46,50,52,51,56,53,89,54,58,55,90,57,93,59,88,60,98,61,78,62,71																																																															63,91	64,79	65,75	66,84	67,69	68,87		70,149		72,119	73,85	74,97		76,86	77,108			80,81		82,92	83,133											94,99	95,96					100,115	101,113	102,135	103,134	104,124	105,122	106,114	107,130		109,118	110,147	111,146	112,139				116,137	117,131			120,143	121,142		123,126		125,129		127,138	128,132								136,148				140,144	141,145								
110	0,17,1,45,2,6,3,47,4,37,5,18,7,39,8,38,9,34,10,48,11,24,12,25,13,42,14,15,16,36,19,21,20,31,22,41,23,26,27,28,29,30,32,33,35,49,40,43,44,46,50,52,51,56,53,89,54,58,55,90,57,93,59,88,60,98,61,78,62,71,63,91																																																																64,79	65,75	66,84	67,69	68,87		70,149		72,119	73,85	74,97		76,86	77,108			80,81		82,92	83,133											94,99	95,96					100,115	101,113	102,135	103,134	104,124	105,122	106,114	107,130		109,118	110,147	111,146	112,139				116,137	117,131			120,143	121,142		123,126		125,129		127,138	128,132								136,148				140,144	141,145								
111	0,17,1,45,2,6,3,47,4,37,5,18,7,39,8,38,9,34,10,48,11,24,12,25,13,42,14,15,16,36,19,21,20,31,22,41,23,26,27,28,29,30,32,33,35,49,40,43,44,46,50,52,51,56,53,89,54,58,55,90,57,93,59,88,60,98,61,78,62,71,63,91,64,79																																																																	65,75	66,84	67,69	68,87		70,149		72,119	73,85	74,97		76,86	77,108			80,81		82,92	83,133											94,99	95,96					100,115	101,113	102,135	103,134	104,124	105,122	106,114	107,130		109,118	110,147	111,146	112,139				116,137	117,131			120,143	121,142		123,126		125,129		127,138	128,132								136,148				140,144	141,145								
112	0,17,1,45,2,6,3,47,4,37,5,18,7,39,8,38,9,34,10,48,11,24,12,25,13,42,14,15,16,36,19,21,20,31,22,41,23,26,27,28,29,30,32,33,35,49,40,43,44,46,50,52,51,56,53,89,54,58,55,90,57,93,59,88,60,98,61,78,62,71,63,91,64,79,65,75																																																																		66,84	67,69	68,87		70,149		72,119	73,85	74,97		76,86	77,108			80,81		82,92	83,133											94,99	95,96					100,115	101,113	102,135	103,134	104,124	105,122	106,114	107,130		109,118	110,147	111,146	112,139				116,137	117,131			120,143	121,142		123,126		125,129		127,138	128,132								136,148				140,144	141,145								
113	0,17,1,45,2,6,3,47,4,37,5,18,7,39,8,38,9,34,10,48,11,24,12,25,13,42,14,15,16,36,19,21,20,31,22,41,23,26,27,28,29,30,32,33,35,49,40,43,44,46,50,52,51,56,53,89,54,58,55,90,57,93,59,88,60,98,61,78,62,71,63,91,64,79,65,75,66,84																																																																			67,69	68,87		70,149		72,119	73,85	74,97		76,86	77,108			80,81		82,92	83,133											94,99	95,96					100,115	101,113	102,135	103,134	104,124	105,122	106,114	107,130		109,118	110,147	111,146	112,139				116,137	117,131			120,143	121,142		123,126		125,129		127,138	128,132								136,148				140,144	141,145								
114	0,17,1,45,2,6,3,47,4,37,5,18,7,39,8,38,9,34,10,48,11,24,12,25,13,42,14,15,16,36,19,21,20,31,22,41,23,26,27,28,29,30,32,33,35,49,40,43,44,46,50,52,51,56,53,89,54,58,55,90,57,93,59,88,60,98,61,78,62,71,63,91,64,79,65,75,66,84,67,69																																																																				68,87		70,149		72,119	73,85	74,97		76,86	77,108			80,81		82,92	83,133											94,99	95,96					100,115	101,113	102,135	103,134	104,124	105,122	106,114	107,130		109,118	110,147	111,146	112,139				116,137	117,131			120,143	121,142		123,126		125,129		127,138	128,132								136,148				140,144	141,145								
115	0,17,1,45,2,6,3,47,4,37,5,18,7,39,8,38,9,34,10,48,11,24,12,25,13,42,14,15,16,36,19,21,20,31,22,41,23,26,27,28,29,30,32,33,35,49,40,43,44,46,50,52,51,56,53,89,54,58,55,90,57,93,59,88,60,98,61,78,62,71,63,91,64,79,65,75,66,84,67,69,68,87																																																																						70,149		72,119	73,85	74,97		76,86	77,108			80,81		82,92	83,133											94,99	95,96					100,115	101,113	102,135	103,134	104,124	105,122	106,114	107,130		109,118	110,147	111,146	112,139				116,137	117,131			120,143	121,142		123,126		125,129		127,138	128,132								136,148				140,144	141,145								
116	0,17,1,45,2,6,3,47,4,37,5,18,7,39,8,38,9,34,10,48,11,24,12,25,13,42,14,15,16,36,19,21,20,31,22,41,23,26,27,28,29,30,32,33,35,49,40,43,44,46,50,52,51,56,53,89,54,58,55,90,57,93,59,88,60,98,61,78,62,71,63,91,64,79,65,75,66,84,67,69,68,87,70,149																																																																								72,119	73,85	74,97		76,86	77,108			80,81		82,92	83,133											94,99	95,96					100,115	101,113	102,135	103,134	104,124	105,122	106,114	107,130		109,118	110,147	111,146	112,139				116,137	117,131			120,143	121,142		123,126		125,129		127,138	128,132								136,148				140,144	141,145								
117	0,17,1,45,2,6,3,47,4,37,5,18,7,39,8,38,9,34,10,48,11,24,12,25,13,42,14,15,16,36,19,21,20,31,22,41,23,26,27,28,29,30,32,33,35,49,40,43,44,46,50,52,51,56,53,89,54,58,55,90,57,93,59,88,60,98,61,78,62,71,63,91,64,79,65,75,66,84,67,69,68,87,70,149,72,119																																																																									73,85	74,97		76,86	77,108			80,81		82,92	83,133											94,99	95,96					100,115	101,113	102,135	103,134	104,124	105,122	106,114	107,130		109,118	110,147	111,146	112,139				116,137	117,131			120,143	121,142		123,126		125,129		127,138	128,132								136,148				140,144	141,145								
118	0,17,1,45,2,6,3,47,4,37,5,18,7,39,8,38,9,34,10,48,11,24,12,25,13,42,14,15,16,36,19,21,20,31,22,41,23,26,27,28,29,30,32,33,35,49,40,43,44,46,50,52,51,56,53,89,54,58,55,90,57,93,59,88,60,98,61,78,62,71,63,91,64,79,65,75,66,84,67,69,68,87,70,149,72,119,73,85																																																																										74,97		76,86	77,108			80,81		82,92	83,133											94,99	95,96					100,115	101,113	102,135	103,134	104,124	105,122	106,114	107,130		109,118	110,147	111,146	112,139				116,137	117,131			120,143	121,142		123,126		125,129		127,138	128,132								136,148				140,144	141,145								
119	0,17,1,45,2,6,3,47,4,37,5,18,7,39,8,38,9,34,10,48,11,24,12,25,13,42,14,15,16,36,19,21,20,31,22,41,23,26,27,28,29,30,32,33,35,49,40,43,44,46,50,52,51,56,53,89,54,58,55,90,57,93,59,88,60,98,61,78,62,71,63,91,64,79,65,75,66,84,67,69,68,87,70,149,72,119,73,85,74,97																																																																												76,86	77,108			80,81		82,92	83,133											94,99	95,96					100,115	101,113	102,135	103,134	104,124	105,122	106,114	107,130		109,118	110,147	111,146	112,139				116,137	117,131			120,143	121,142		123,126		125,129		127,138	128,132								136,148				140,144	141,145								
120	0,17,1,45,2,6,3,47,4,37,5,18,7,39,8,38,9,34,10,48,11,24,12,25,13,42,14,15,16,36,19,21,20,31,22,41,23,26,27,28,29,30,32,33,35,49,40,43,44,46,50,52,51,56,53,89,54,58,55,90,57,93,59,88,60,98,61,78,62,71,63,91,64,79,65,75,66,84,67,69,68,87,70,149,72,119,73,85,74,97,76,86																																																																													77,108			80,81		82,92	83,133											94,99	95,96					100,115	101,113	102,135	103,134	104,124	105,122	106,114	107,130		109,118	110,147	111,146	112,139				116,137	117,131			120,143	121,142		123,126		125,129		127,138	128,132								136,148				140,144	141,145								
121	0,17,1,45,2,6,3,47,4,37,5,18,7,39,8,38,9,34,10,48,11,24,12,25,13,42,14,15,16,36,19,21,20,31,22,41,23,26,27,28,29,30,32,33,35,49,40,43,44,46,50,52,51,56,53,89,54,58,55,90,57,93,59,88,60,98,61,78,62,71,63,91,64,79,65,75,66,84,67,69,68,87,70,149,72,119,73,85,74,97,76,86,77,108																																																																																80,81		82,92	83,133											94,99	95,96					100,115	101,113	102,135	103,134	104,124	105,122	106,114	107,130		109,118	110,147	111,146	112,139				116,137	117,131			120,143	121,142		123,126		125,129		127,138	128,132								136,148				140,144	141,145								
122	0,17,1,45,2,6,3,47,4,37,5,18,7,39,8,38,9,34,10,48,11,24,12,25,13,42,14,15,16,36,19,21,20,31,22,41,23,26,27,28,29,30,32,33,35,49,40,43,44,46,50,52,51,56,53,89,54,58,55,90,57,93,59,88,60,98,61,78,62,71,63,91,64,79,65,75,66,84,67,69,68,87,70,149,72,119,73,85,74,97,76,86,77,108,80,81																																																																																		82,92	83,133											94,99	95,96					100,115	101,113	102,135	103,134	104,124	105,122	106,114	107,130		109,118	110,147	111,146	112,139				116,137	117,131			120,143	121,142		123,126		125,129		127,138	128,132								136,148				140,144	141,145								
123	0,17,1,45,2,6,3,47,4,37,5,18,7,39,8,38,9,34,10,48,11,24,12,25,13,42,14,15,16,36,19,21,20,31,22,41,23,26,27,28,29,30,32,33,35,49,40,43,44,46,50,52,51,56,53,89,54,58,55,90,57,93,59,88,60,98,61,78,62,71,63,91,64,79,65,75,66,84,67,69,68,87,70,149,72,119,73,85,74,97,76,86,77,108,80,81,82,92																																																																																			83,133											94,99	95,96					100,115	101,113	102,135	103,134	104,124	105,122	106,114	107,130		109,118	110,147	111,146	112,139				116,137	117,131			120,143	121,142		123,126		125,129		127,138	128,132								136,148				140,144	141,145								
124	0,17,1,45,2,6,3,47,4,37,5,18,7,39,8,38,9,34,10,48,11,24,12,25,13,42,14,15,16,36,19,21,20,31,22,41,23,26,27,28,29,30,32,33,35,49,40,43,44,46,50,52,51,56,53,89,54,58,55,90,57,93,59,88,60,98,61,78,62,71,63,91,64,79,65,75,66,84,67,69,68,87,70,149,72,119,73,85,74,97,76,86,77,108,80,81,82,92,83,133																																																																																														94,99	95,96					100,115	101,113	102,135	103,134	104,124	105,122	106,114	107,130		109,118	110,147	111,146	112,139				116,137	117,131			120,143	121,142		123,126		125,129		127,138	128,132								136,148				140,144	141,145								
125	0,17,1,45,2,6,3,47,4,37,5,18,7,39,8,38,9,34,10,48,11,24,12,25,13,42,14,15,16,36,19,21,20,31,22,41,23,26,27,28,29,30,32,33,35,49,40,43,44,46,50,52,51,56,53,89,54,58,55,90,57,93,59,88,60,98,61,78,62,71,63,91,64,79,65,75,66,84,67,69,68,87,70,149,72,119,73,85,74,97,76,86,77,108,80,81,82,92,83,133,94,99																																																																																															95,96					100,115	101,113	102,135	103,134	104,124	105,122	106,114	107,130		109,118	110,147	111,146	112,139				116,137	117,131			120,143	121,142		123,126		125,129		127,138	128,132								136,148				140,144	141,145								
126	0,17,1,45,2,6,3,47,4,37,5,18,7,39,8,38,9,34,10,48,11,24,12,25,13,42,14,15,16,36,19,21,20,31,22,41,23,26,27,28,29,30,32,33,35,49,40,43,44,46,50,52,51,56,53,89,54,58,55,90,57,93,59,88,60,98,61,78,62,71,63,91,64,79,65,75,66,84,67,69,68,87,70,149,72,119,73,85,74,97,76,86,77,108,80,81,82,92,83,133,94,99,95,96																																																																																																				100,115	101,113	102,135	103,134	104,124	105,122	106,114	107,130		109,118	110,147	111,146	112,139				116,137	117,131			120,143	121,142		123,126		125,129		127,138	128,132								136,148				140,144	141,145								
127	0,17,1,45,2,6,3,47,4,37,5,18,7,39,8,38,9,34,10,48,11,24,12,25,13,42,14,15,16,36,19,21,20,31,22,41,23,26,27,28,29,30,32,33,35,49,40,43,44,46,50,52,51,56,53,89,54,58,55,90,57,93,59,88,60,98,61,78,62,71,63,91,64,79,65,75,66,84,67,69,68,87,70,149,72,119,73,85,74,97,76,86,77,108,80,81,82,92,83,133,94,99,95,96,100,115																																																																																																					101,113	102,135	103,134	104,124	105,122	106,114	107,130		109,118	110,147	111,146	112,139				116,137	117,131			120,143	121,142		123,126		125,129		127,138	128,132								136,148				140,144	141,145								
128	0,17,1,45,2,6,3,47,4,37,5,18,7,39,8,38,9,34,10,48,11,24,12,25,13,42,14,15,16,36,19,21,20,31,22,41,23,26,27,28,29,30,32,33,35,49,40,43,44,46,50,52,51,56,53,89,54,58,55,90,57,93,59,88,60,98,61,78,62,71,63,91,64,79,65,75,66,84,67,69,68,87,70,149,72,119,73,85,74,97,76,86,77,108,80,81,82,92,83,133,94,99,95,96,100,115,101,113																																																																																																						102,135	103,134	104,124	105,122	106,114	107,130		109,118	110,147	111,146	112,139				116,137	117,131			120,143	121,142		123,126		125,129		127,138	128,132								136,148				140,144	141,145								
129	0,17,1,45,2,6,3,47,4,37,5,18,7,39,8,38,9,34,10,48,11,24,12,25,13,42,14,15,16,36,19,21,20,31,22,41,23,26,27,28,29,30,32,33,35,49,40,43,44,46,50,52,51,56,53,89,54,58,55,90,57,93,59,88,60,98,61,78,62,71,63,91,64,79,65,75,66,84,67,69,68,87,70,149,72,119,73,85,74,97,76,86,77,108,80,81,82,92,83,133,94,99,95,96,100,115,101,113,102,135																																																																																																							103,134	104,124	105,122	106,114	107,130		109,118	110,147	111,146	112,139				116,137	117,131			120,143	121,142		123,126		125,129		127,138	128,132								136,148				140,144	141,145								
130	0,17,1,45,2,6,3,47,4,37,5,18,7,39,8,38,9,34,10,48,11,24,12,25,13,42,14,15,16,36,19,21,20,31,22,41,23,26,27,28,29,30,32,33,35,49,40,43,44,46,50,52,51,56,53,89,54,58,55,90,57,93,59,88,60,98,61,78,62,71,63,91,64,79,65,75,66,84,67,69,68,87,70,149,72,119,73,85,74,97,76,86,77,108,80,81,82,92,83,133,94,99,95,96,100,115,101,113,102,135,103,134																																																																																																								104,124	105,122	106,114	107,130		109,118	110,147	111,146	112,139				116,137	117,131			120,143	121,142		123,126		125,129		127,138	128,132								136,148				140,144	141,145								
131	0,17,1,45,2,6,3,47,4,37,5,18,7,39,8,38,9,34,10,48,11,24,12,25,13,42,14,15,16,36,19,21,20,31,22,41,23,26,27,28,29,30,32,33,35,49,40,43,44,46,50,52,51,56,53,89,54,58,55,90,57,93,59,88,60,98,61,78,62,71,63,91,64,79,65,75,66,84,67,69,68,87,70,149,72,119,73,85,74,97,76,86,77,108,80,81,82,92,83,133,94,99,95,96,100,115,101,113,102,135,103,134,104,124																																																																																																									105,122	106,114	107,130		109,118	110,147	111,146	112,139				116,137	117,131			120,143	121,142		123,126		125,129		127,138	128,132								136,148				140,144	141,145								
132	0,17,1,45,2,6,3,47,4,37,5,18,7,39,8,38,9,34,10,48,11,24,12,25,13,42,14,15,16,36,19,21,20,31,22,41,23,26,27,28,29,30,32,33,35,49,40,43,44,46,50,52,51,56,53,89,54,58,55,90,57,93,59,88,60,98,61,78,62,71,63,91,64,79,65,75,66,84,67,69,68,87,70,149,72,119,73,85,74,97,76,86,77,108,80,81,82,92,83,133,94,99,95,96,100,115,101,113,102,135,103,134,104,124,105,122																																																																																																										106,114	107,130		109,118	110,147	111,146	112,139				116,137	117,131			120,143	121,142		123,126		125,129		127,138	128,132								136,148				140,144	141,145								
133	0,17,1,45,2,6,3,47,4,37,5,18,7,39,8,38,9,34,10,48,11,24,12,25,13,42,14,15,16,36,19,21,20,31,22,41,23,26,27,28,29,30,32,33,35,49,40,43,44,46,50,52,51,56,53,89,54,58,55,90,57,93,59,88,60,98,61,78,62,71,63,91,64,79,65,75,66,84,67,69,68,87,70,149,72,119,73,85,74,97,76,86,77,108,80,81,82,92,83,133,94,99,95,96,100,115,101,113,102,135,103,134,104,124,105,122,106,114																																																																																																											107,130		109,118	110,147	111,146	112,139				116,137	117,131			120,143	121,142		123,126		125,129		127,138	128,132								136,148				140,144	141,145								
134	0,17,1,45,2,6,3,47,4,37,5,18,7,39,8,38,9,34,10,48,11,24,12,25,13,42,14,15,16,36,19,21,20,31,22,41,23,26,27,28,29,30,32,33,35,49,40,43,44,46,50,52,51,56,53,89,54,58,55,90,57,93,59,88,60,98,61,78,62,71,63,91,64,79,65,75,66,84,67,69,68,87,70,149,72,119,73,85,74,97,76,86,77,108,80,81,82,92,83,133,94,99,95,96,100,115,101,113,102,135,103,134,104,124,105,122,106,114,107,130																																																																																																													109,118	110,147	111,146	112,139				116,137	117,131			120,143	121,142		123,126		125,129		127,138	128,132								136,148				140,144	141,145								
135	0,17,1,45,2,6,3,47,4,37,5,18,7,39,8,38,9,34,10,48,11,24,12,25,13,42,14,15,16,36,19,21,20,31,22,41,23,26,27,28,29,30,32,33,35,49,40,43,44,46,50,52,51,56,53,89,54,58,55,90,57,93,59,88,60,98,61,78,62,71,63,91,64,79,65,75,66,84,67,69,68,87,70,149,72,119,73,85,74,97,76,86,77,108,80,81,82,92,83,133,94,99,95,96,100,115,101,113,102,135,103,134,104,124,105,122,106,114,107,130,109,118																																																																																																														110,147	111,146	112,139				116,137	117,131			120,143	121,142		123,126		125,129		127,138	128,132								136,148				140,144	141,145								
136	0,17,1,45,2,6,3,47,4,37,5,18,7,39,8,38,9,34,10,48,11,24,12,25,13,42,14,15,16,36,19,21,20,31,22,41,23,26,27,28,29,30,32,33,35,49,40,43,44,46,50,52,51,56,53,89,54,58,55,90,57,93,59,88,60,98,61,78,62,71,63,91,64,79,65,75,66,84,67,69,68,87,70,149,72,119,73,85,74,97,76,86,77,108,80,81,82,92,83,133,94,99,95,96,100,115,101,113,102,135,103,134,104,124,105,122,106,114,107,130,109,118,110,147																																																																																																															111,146	112,139				116,137	117,131			120,143	121,142		123,126		125,129		127,138	128,132								136,148				140,144	141,145								
137	0,17,1,45,2,6,3,47,4,37,5,18,7,39,8,38,9,34,10,48,11,24,12,25,13,42,14,15,16,36,19,21,20,31,22,41,23,26,27,28,29,30,32,33,35,49,40,43,44,46,50,52,51,56,53,89,54,58,55,90,57,93,59,88,60,98,61,78,62,71,63,91,64,79,65,75,66,84,67,69,68,87,70,149,72,119,73,85,74,97,76,86,77,108,80,81,82,92,83,133,94,99,95,96,100,115,101,113,102,135,103,134,104,124,105,122,106,114,107,130,109,118,110,147,111,146																																																																																																																112,139				116,137	117,131			120,143	121,142		123,126		125,129		127,138	128,132								136,148				140,144	141,145								
138	0,17,1,45,2,6,3,47,4,37,5,18,7,39,8,38,9,34,10,48,11,24,12,25,13,42,14,15,16,36,19,21,20,31,22,41,23,26,27,28,29,30,32,33,35,49,40,43,44,46,50,52,51,56,53,89,54,58,55,90,57,93,59,88,60,98,61,78,62,71,63,91,64,79,65,75,66,84,67,69,68,87,70,149,72,119,73,85,74,97,76,86,77,108,80,81,82,92,83,133,94,99,95,96,100,115,101,113,102,135,103,134,104,124,105,122,106,114,107,130,109,118,110,147,111,146,112,139																																																																																																																				116,137	117,131			120,143	121,142		123,126		125,129		127,138	128,132								136,148				140,144	141,145								
139	0,17,1,45,2,6,3,47,4,37,5,18,7,39,8,38,9,34,10,48,11,24,12,25,13,42,14,15,16,36,19,21,20,31,22,41,23,26,27,28,29,30,32,33,35,49,40,43,44,46,50,52,51,56,53,89,54,58,55,90,57,93,59,88,60,98,61,78,62,71,63,91,64,79,65,75,66,84,67,69,68,87,70,149,72,119,73,85,74,97,76,86,77,108,80,81,82,92,83,133,94,99,95,96,100,115,101,113,102,135,103,134,104,124,105,122,106,114,107,130,109,118,110,147,111,146,112,139,116,137																																																																																																																					117,131			120,143	121,142		123,126		125,129		127,138	128,132								136,148				140,144	141,145								
140	0,17,1,45,2,6,3,47,4,37,5,18,7,39,8,38,9,34,10,48,11,24,12,25,13,42,14,15,16,36,19,21,20,31,22,41,23,26,27,28,29,30,32,33,35,49,40,43,44,46,50,52,51,56,53,89,54,58,55,90,57,93,59,88,60,98,61,78,62,71,63,91,64,79,65,75,66,84,67,69,68,87,70,149,72,119,73,85,74,97,76,86,77,108,80,81,82,92,83,133,94,99,95,96,100,115,101,113,102,135,103,134,104,124,105,122,106,114,107,130,109,118,110,147,111,146,112,139,116,137,117,131																																																																																																																								120,143	121,142		123,126		125,129		127,138	128,132								136,148				140,144	141,145								
141	0,17,1,45,2,6,3,47,4,37,5,18,7,39,8,38,9,34,10,48,11,24,12,25,13,42,14,15,16,36,19,21,20,31,22,41,23,26,27,28,29,30,32,33,35,49,40,43,44,46,50,52,51,56,53,89,54,58,55,90,57,93,59,88,60,98,61,78,62,71,63,91,64,79,65,75,66,84,67,69,68,87,70,149,72,119,73,85,74,97,76,86,77,108,80,81,82,92,83,133,94,99,95,96,100,115,101,113,102,135,103,134,104,124,105,122,106,114,107,130,109,118,110,147,111,146,112,139,116,137,117,131,120,143																																																																																																																									121,142		123,126		125,129		127,138	128,132								136,148				140,144	141,145								
142	0,17,1,45,2,6,3,47,4,37,5,18,7,39,8,38,9,34,10,48,11,24,12,25,13,42,14,15,16,36,19,21,20,31,22,41,23,26,27,28,29,30,32,33,35,49,40,43,44,46,50,52,51,56,53,89,54,58,55,90,57,93,59,88,60,98,61,78,62,71,63,91,64,79,65,75,66,84,67,69,68,87,70,149,72,119,73,85,74,97,76,86,77,108,80,81,82,92,83,133,94,99,95,96,100,115,101,113,102,135,103,134,104,124,105,122,106,114,107,130,109,118,110,147,111,146,112,139,116,137,117,131,120,143,121,142																																																																																																																											123,126		125,129		127,138	128,132								136,148				140,144	141,145								
143	0,17,1,45,2,6,3,47,4,37,5,18,7,39,8,38,9,34,10,48,11,24,12,25,13,42,14,15,16,36,19,21,20,31,22,41,23,26,27,28,29,30,32,33,35,49,40,43,44,46,50,52,51,56,53,89,54,58,55,90,57,93,59,88,60,98,61,78,62,71,63,91,64,79,65,75,66,84,67,69,68,87,70,149,72,119,73,85,74,97,76,86,77,108,80,81,82,92,83,133,94,99,95,96,100,115,101,113,102,135,103,134,104,124,105,122,106,114,107,130,109,118,110,147,111,146,112,139,116,137,117,131,120,143,121,142,123,126																																																																																																																													125,129		127,138	128,132								136,148				140,144	141,145								
144	0,17,1,45,2,6,3,47,4,37,5,18,7,39,8,38,9,34,10,48,11,24,12,25,13,42,14,15,16,36,19,21,20,31,22,41,23,26,27,28,29,30,32,33,35,49,40,43,44,46,50,52,51,56,53,89,54,58,55,90,57,93,59,88,60,98,61,78,62,71,63,91,64,79,65,75,66,84,67,69,68,87,70,149,72,119,73,85,74,97,76,86,77,108,80,81,82,92,83,133,94,99,95,96,100,115,101,113,102,135,103,134,104,124,105,122,106,114,107,130,109,118,110,147,111,146,112,139,116,137,117,131,120,143,121,142,123,126,125,129																																																																																																																															127,138	128,132								136,148				140,144	141,145								
145	0,17,1,45,2,6,3,47,4,37,5,18,7,39,8,38,9,34,10,48,11,24,12,25,13,42,14,15,16,36,19,21,20,31,22,41,23,26,27,28,29,30,32,33,35,49,40,43,44,46,50,52,51,56,53,89,54,58,55,90,57,93,59,88,60,98,61,78,62,71,63,91,64,79,65,75,66,84,67,69,68,87,70,149,72,119,73,85,74,97,76,86,77,108,80,81,82,92,83,133,94,99,95,96,100,115,101,113,102,135,103,134,104,124,105,122,106,114,107,130,109,118,110,147,111,146,112,139,116,137,117,131,120,143,121,142,123,126,125,129,127,138																																																																																																																																128,132								136,148				140,144	141,145								
146	0,17,1,45,2,6,3,47,4,37,5,18,7,39,8,38,9,34,10,48,11,24,12,25,13,42,14,15,16,36,19,21,20,31,22,41,23,26,27,28,29,30,32,33,35,49,40,43,44,46,50,52,51,56,53,89,54,58,55,90,57,93,59,88,60,98,61,78,62,71,63,91,64,79,65,75,66,84,67,69,68,87,70,149,72,119,73,85,74,97,76,86,77,108,80,81,82,92,83,133,94,99,95,96,100,115,101,113,102,135,103,134,104,124,105,122,106,114,107,130,109,118,110,147,111,146,112,139,116,137,117,131,120,143,121,142,123,126,125,129,127,138,128,132																																																																																																																																								136,148				140,144	141,145								
147	0,17,1,45,2,6,3,47,4,37,5,18,7,39,8,38,9,34,10,48,11,24,12,25,13,42,14,15,16,36,19,21,20,31,22,41,23,26,27,28,29,30,32,33,35,49,40,43,44,46,50,52,51,56,53,89,54,58,55,90,57,93,59,88,60,98,61,78,62,71,63,91,64,79,65,75,66,84,67,69,68,87,70,149,72,119,73,85,74,97,76,86,77,108,80,81,82,92,83,133,94,99,95,96,100,115,101,113,102,135,103,134,104,124,105,122,106,114,107,130,109,118,110,147,111,146,112,139,116,137,117,131,120,143,121,142,123,126,125,129,127,138,128,132,136,148																																																																																																																																												140,144	141,145								
148																																																																																																																																																						
149																																																																																																																																																						
